"","cnpj","matriz_filial","razao_social","nome_fantasia","cod_nat_juridica","inicio_atividade","cnae","endereco","telefone1","telefone2","fax","email","capital_social","porte","estado","cidade","lat","lng","cnaes_secundarios","cnpj8","participante_edital"
"1","16590088000189",1,"GLOBAL EMPRESARIAL CONTABILIDADE  LTDA",NA,"2062",20120727,6920601,"RUA,SAO CRISTOVAO,489,SALA: 302 ,SAO CRISTOVAO,20940000,RJ,Rio de Janeiro","21-25893068","21-38608006","-","GLOBALEMPRESARIAL@GMAIL.COM","62200.00","5","RJ","6001",-22.902237,-43.21774,"{}","16590088","NULL"
"2","17516742000177",1,"PC INOVACAO CONTABIL P&C LTDA","P&C INOVACAO","2240",20130131,6920601,"AVENIDA BRASIL 17241 BLOCO: 21  APT: 401; IRAJA 21230043","21-78221427","-","-","PPECANHA@ZONASUL.COM.BR","10000.00","3","RJ","6001",-22.822954301431,-43.3276901878932,"{}","17516742","NULL"
"3","21317709000195",1,"CARLOS T ROBERTO CONTADORES",NA,"2232",20141029,6920601,"AVENIDA,LUCIO COSTA,16250,APT: 201 ,RECREIO DOS BANDEIRANTES,22795008,RJ,Rio de Janeiro","21-35927772","-","-","CARLOS@CSCCONTABIL.COM.BR","10000.00","3","RJ","6001",-23.02581,-43.46034,"{}","21317709","NULL"
"4","22654290000120",1,"CRJPM CONTABILIDADE E ASSESSORIA TRIBUTARIA EIRELI","CRJPM CONTABILIDADE","2305",20150615,6920601,"RUA,EUNICE GONDIN,160,SALA: 302 303 E 304 ,RECREIO DOS BANDEIRANTES,22795350,RJ,Rio de Janeiro","21-24371158","-","-","DESPACHANTECRPC@GMAIL.COM","200000.00","5","RJ","6001",-23.015936,-43.457573,"{7020400,6920602}","22654290","NULL"
"5","56322613000280",2,"CONTEMP ASSESSORIA CONTABIL S/S","CONTEMP CONTABILIDADE","2232",20150203,6920601,"AVENIDA AYRTON SENNA 3000 CONJ: 3.012  BARRA DA TIJUCA 22775003","11-22811080","-","-","RAFAEL@CONTEMPCONSULTING.COM.BR","45000.00","3","RJ","6001",0,0,"{}","56322613","NULL"
"6","17498942000144",1,"INSIGNE CAPACITACAO PROFISSIONAL E CORPORATIVA LTDA",NA,"2240",20130129,6920601,"AVENIDA,EMBAIXADOR ABELARDO BUENO,1111,SALA: 202  BLOCO: 02 ,JACAREPAGUA,22775022,RJ,Rio de Janeiro","21-39938450","-","-","DF@GRUPOINSIGNE.COM.BR","10000.00","5","RJ","6001",-22.97318,-43.380264,"{8599604}","17498942","NULL"
"7","15239142000183",1,"CAC CONSULTORIA E ASSESSORIA CONTABIL LTDA",NA,"2240",20120201,6920601,"AVENIDA PRESIDENTE VARGAS 542 SALA: 1.705 E 1.706  CENTRO 20071000","21-22536022","21-22539950","-","CALEDO.DIR@TERRA.COM.BR","10000.00","5","RJ","6001",-22.9016907352127,-43.1812296772174,"{8299799}","15239142","NULL"
"8","14726903000169",1,"JM AUDITORIA E CONTABILIDADE LTDA",NA,"2240",20111201,6920601,"RUA VOLUNTARIOS DA PATRIA 329 SALA: 207-PARTE  BOTAFOGO 22270000","21-22865072","-","-","M2RIO@M2RIO.COM.BR","1000.00","5","RJ","6001",-22.9543042831092,-43.1924507134284,"{6920602,7020400}","14726903","NULL"
"9","20933972000146",1,"DIRECTIVA SERVICOS CONTABEIS EIRELI",NA,"2313",20140828,6920601,"AVENIDA DAS ACACIAS DA PENISULA 540 APT: 502  BLOCO: 02; BARRA DA TIJUCA 22776000","21-25629523","-","-","FELIPE.REBELO@GBDIESEL.COM.BR","72400.00","5","RJ","6001",-22.9898249081002,-43.3528843202738,"{}","20933972","NULL"
"10","14032225000134",1,"MAISON D' ARGENT SERVICOS DE CONTABILIDADE LTDA",NA,"2062",20110729,6920601,"RUA LUCIDIO LAGO 138 SALA: 203  MEIER 20780020","21-77383067","21-31773002","-","BENEDETTOADVOCACIA@GMAIL.COM","5000.00","5","RJ","6001",-22.9008281168561,-43.2767772768481,"{}","14032225","NULL"
"11","22594205000185",1,"EBC ASSESSORIA CONTABIL LTDA","EBC CONTABIL","2240",20150603,6920601,"RUA,CONSELHEIRO MEIRELES,109,CASA: 1 ,JARDIM AMERICA,21240480,RJ,Rio de Janeiro","21-33460650","-","-","ELIANACAMILOEBC@GMAIL.COM","5000.00","5","RJ","6001",-22.812004,-43.32031,"{}","22594205","NULL"
"12","22299803000121",1,"LEGADO CONTABIL ASSESSORIA EMPRESARIAL LTDA","LEGADO CONTABIL","2062",20150422,6920601,"RUA CAROEN 11 SALA: 310  PENHA CIRCULAR 21210340","21-33417683","21-21644010","-","HALECRIM@GMAIL.COM","20000.00","3","RJ","6001",-22.8425844662705,-43.2997209647413,"{6920602,7020400}","22299803","NULL"
"13","14234416000340",2,"REVIEW CONTABIL CONSULTORIA LTDA","REVIEW CONTABIL","2240",20121218,6920601,"AVENIDA AYRTON SENNA 2150 2150 BLOCO: C  SALA: 401 - PARTE; BARRA DA TIJUCA 22775900","21-25979020","21-99592033","-","CARLOS@REVIEWCONTABIL.COM","10000.00","5","RJ","6001",0,0,"{}","14234416","NULL"
"14","42176800000108",1,"CONTABIL MONTE BRANCO LTDA",NA,"2240",19730115,6920601,"RUA,DA ASSEMBLEIA,00034,      PAV 11 SALA 1103,CENTRO,20011000,RJ,Rio de Janeiro","21-25311595","21-25310282","021-25310283","FERNANDORPSOARES@HOTMAIL.COM","0.00","3","RJ","6001",-22.90482,-43.175743,"{}","42176800","NULL"
"15","4721321000136",1,"JOSE ZAMBOLIN","ALAVANCA","2135",20010925,6920601,"AVENIDA PRESIDENTE VARGAS 482 SALA: 507 - PARTE  CENTRO 20071000","21-36841006","21-99687822","21-36841006","MEDEIROS@ALAVANCA.NET","0.00","5","RJ","6001",-22.9014015931099,-43.1803294257603,"{}","47213210","NULL"
"16","10494304000297",2,"SOUZAMAAS OUTSOURCING CONTABIL EIRELI","SOUZAMAAS OUTSOURCING","2305",20140925,6920601,"RUA,AMACENA,80,CONJ: 203 ,HIGIENOPOLIS,21061100,RJ,Rio de Janeiro","11-38645897","-","-","JURIDICO@SOUZAMAAS.COM.BR","4000000.00","3","RJ","6001",-22.86939,-43.26172,"{}","10494304","NULL"
"17","10945059000297",2,"PREVISAO - ASSESSORIA CONTABIL LTDA","PREVISAO - ASSESSORIA E CONSULTORIA CONTABIL","2240",20140527,6920601,"RUA VOLUNTARIOS DA PATRIA 190 SALA: 1110  BOTAFOGO 22270012","31-32413350","-","-","ATENDIMENTO@PREVISAOCONTABIL.CNT.BR","40000.00","3","RJ","6001",0,0,"{}","10945059","NULL"
"18","11305592000176",1,"FREITAS E BARBOSA CONTADORES ASSOCIADOS",NA,"2232",20091007,6920601,"AVENIDA,CESARIO DE MELO,3600,BLOCO: 01  SALA: 207 ,CAMPO GRANDE,23050102,RJ,Rio de Janeiro","21-35948149","-","21-35929321","CBARBOSA@CONTABMED.COM.BR","3000.00","5","RJ","6001",-22.906963,-43.569702,"{}","11305592","NULL"
"19","14234416000260",2,"REVIEW CONTABIL CONSULTORIA LTDA","REVIEW CONTABIL","2240",20121218,6920601,"RUA,CRUZ E SOUSA,112,LOJA: A  LOJA: B ,ENCANTADO,20745000,RJ,Rio de Janeiro","21-25979020","21-99592033","-","CARLOS@REVIEWCONTABIL.COM","10000.00","5","RJ","6001",-22.897717,-43.30548,"{}","14234416","NULL"
"20","14382193000105",1,"IGAF & ASSOCIADOS CONSULTORES CONTABEIS S/S LTDA","IGAF WORLDWIDE BRASIL CONSULTORES CONTABEIS","2240",20110902,6920601,"RUA,MEXICO,11,CONJ: DE SALAS 1301 PARTE ,CENTRO,20031144,RJ,Rio de Janeiro","21-25240345","21-92250169","21-22631752","IGAFRJ@IGAFBRASIL.COM.BR","4000.00","3","RJ","6001",-22.911263,-43.174355,"{}","14382193","NULL"
"21","18227733000200",2,"PEMOM AUDITORES INDEPENDENTES S/S","ECOVIS PEMOM AUDITORES INDEPENDENTES","2232",20140930,6920601,"RUA,SAO JOSE,40,: 4 ANDAR - PARTE ,CENTRO,20010020,RJ,Rio de Janeiro","21-91557207","-","-","ANDERSONXBP@GMAIL.COM","10000.00","5","RJ","6001",-22.90571,-43.176186,"{6920602}","18227733","NULL"
"22","18295710000151",1,"G M SANTOS SERVICOS CONTABEIS LTDA","GM CONTABILIDADE","2062",20130415,6920601,"RUA,PLINIO DE OLIVEIRA,253,SALA: 314 ,PENHA,21070040,RJ,Rio de Janeiro","21-32159435","21-31647078","-","HUGONEVES1@HOTMAIL.COM","60000.00","5","RJ","6001",-22.84065,-43.279305,"{}","18295710","NULL"
"23","18474876000135",1,"ETIKA CONTABILIDADE E GESTAO EMPRESARIAL LTDA","ETIKA CONTABILIDADE E GESTAO EMPRESARIAL LTDA","2240",20130711,6920601,"AVENIDA,RIO BRANCO,156,SALA: 1835 ,CENTRO,20040003,RJ,Rio de Janeiro","21-71530245","21-86521550","21-71530245","ALEXSANPEREIRA@YAHOO.COM.BR","10000.00","3","RJ","6001",-22.90659,-43.17714,"{8599604,8230001}","18474876","NULL"
"24","18910905000326",2,"TMF APRIORI SERVICOS CONTABEIS LTDA.",NA,"2240",20140923,6920601,"AVENIDA JOSE SILVA DE AZEVEDO NETO 200 BLOCO: 03  SALA: 106; EDIF: EVOLUTION IV; BARRA DA TIJUCA 22775056","11-35098200","-","11-36742030","DANIEL.FRANCO@TMF-GROUP.COM","4185311.00","5","RJ","6001",-22.9890876244631,-43.3607256488397,"{}","18910905","NULL"
"25","16915874000109",1,"PROSPER CONTABILIDADE LTDA",NA,"2062",20120910,6920601,"RUA,GENERAL AZEVEDO PIMENTEL,14,APT: 504 ,COPACABANA,22011050,RJ,Rio de Janeiro","21-22557039","21-98941301","-","CONTTHIAGO@HOTMAIL.COM","1000.00","3","RJ","6001",-22.965858,-43.180565,"{}","16915874","NULL"
"26","17305546000153",1,"LJPR CONTADORES E AUDITORES INDEPENDENTES LTDA",NA,"2240",20121213,6920601,"AVENIDA TREZE DE MAIO 23 23 SALA: 2502 E 2505 PARTE  CENTRO 20031902","21-25582200","21-20760608","21-22850603","PSCONTAX@HOTMAIL.COM","2000.00","3","RJ","6001",-22.9089827976801,-43.1771437496681,"{6920602}","17305546","NULL"
"27","21056822000164",1,"OLIVEIRA BRANDAO CONTADORES LTDA.",NA,"2240",20140915,6920601,"RUA,RIACHUELO,414,: APTO. 504 ,CENTRO,20230013,RJ,Rio de Janeiro","21-91557207","-","-","ANDERSONXBP@GMAIL.COM","3000.00","5","RJ","6001",-22.91317,-43.191124,"{}","21056822","NULL"
"28","20955321000157",1,"RODRIGUES E BARCELLOS ASSESSORIA CONTABIL LTDA","L&M ASSESSORIA CONTABIL","2062",20140804,6920601,"RUA VILELA TAVARES 253 APT: 201  MEIER 20725220","21-91964637","21-73309696","-","LOZINHALO@YAHOO.COM.BR","5000.00","5","RJ","6001",-22.9100598548387,-43.2861042424261,"{8299799}","20955321","NULL"
"29","19381764000100",1,"FURLANETTO CONSULTORIA EIRELI","FURLANETTO CONSULTORIA","2305",20131206,6920601,"ESTRADA DA CACUIA 661 SALA: 109  CACUIA 21921001","21-87060109","-","-","FURLANETTO@LIVE.COM","339000.00","3","RJ","6001",-22.8092240986837,-43.1831426046033,"{6920602,7020400,7810800,7820500,8599604}","19381764","NULL"
"30","22153164000191",1,"GUARDIAN ASSESSORIA E CONSULTORIA EMPRESARIAL LTDA",NA,"2062",20150320,6920601,"RUA,CADETE POLONIA,466,ANDAR: 102 ,SAMPAIO,20961050,RJ,Rio de Janeiro","21-31733334","-","-","CASMCONSULTORIA@GMAIL.COM","120000.00","3","RJ","6001",-22.901155,-43.265553,"{8211300}","22153164","NULL"
"31","21591505000148",1,"VETOR 360 CONTABILIDADE LTDA","VETOR CONTABIL","2240",20141217,6920601,"RUA,DOM GERARDO,63,SALA: 402 - PARTE ,CENTRO,20090030,RJ,Rio de Janeiro","21-22336718","-","21-22234590","JUNIOR@4ACCOUNT.COM.BR","10000.00","5","RJ","6001",-22.897995,-43.17977,"{}","21591505","NULL"
"32","10805839000150",1,"MAPIRIO SERVICOS E ASSESSORIA CONTABIL",NA,"2232",20090416,6920601,"AVENIDA,ALMIRANTE BARROSO,00006,      GRP 1011,CENTRO,20031000,RJ,Rio de Janeiro","21-25049388","-","21-25085622","MANOELLEITE@MAPI-RIO.COM.BR","50000.00","5","RJ","6001",-22.907927,-43.17591,"{}","10805839","NULL"
"33","22094089000135",1,"RVW CONTABILIDADE LTDA","REVIEW CONTABIL","2240",20150319,6920601,"RUA,DIAS DA CRUZ,148,SALA: 504 ,MEIER,20720012,RJ,Rio de Janeiro","21-31974413","21-25979020","-","CARLOS@REVIEWCONTABIL.COM.BR","10000.00","3","RJ","6001",-22.901985,-43.279087,"{}","22094089","NULL"
"34","74038795000163",1,"AUDICENT ASSESSORIA EMPRESARIAL EIRELI",NA,"2313",19931202,6920601,"RUA,DO OUVIDOR 60,60,SALA  702,CENTRO,20040924,RJ,Rio de Janeiro","21-22408315","-","-","AFFONSO@AUDICENT.COM.BR","88000.00","3","RJ","6001",-22.9026,-43.176243,"{6920602,6821801,6821802,6621501}","74038795","NULL"
"35","11511610000176",1,"AR2 ASSESSORIA CONTABIL EIRELI","AR2 ASSESSORIA CONTABIL","2313",20100121,6920601,"AVENIDA,RIO BRANCO 156,156,SALA  702,CENTRO,20040901,RJ,Rio de Janeiro","21-25185997","21-92742814","21-25185997","ALEXANDRECONTADOR@GLOBO.COM","80000.00","5","RJ","6001",-22.90659,-43.17714,"{6920602,7020400}","11511610","NULL"
"36","15164310000119",1,"FIBRA CONTABILIDADE EIRELI","FIBRA CONTABILIDADE LTDA","2313",20120307,6920601,"RUA,VISCONDE DE PIRAJA,414,      SAL 718,IPANEMA,22410905,RJ,Rio de Janeiro","21-32121350","-","-","fibra@fibracontabilidade.com.br","72400.00","5","RJ","6001",-22.984432,-43.20095,"{}","15164310","NULL"
"37","68589795000159",1,"ASSESSORIA CONTABIL COSENZA LTDA","CONTABILIDADE & CO","2240",19920723,6920601,"RUA,DA QUITANDA,00187,      SAL 501,CENTRO,20091005,RJ,Rio de Janeiro","21-22606138","-","-","ALDEIR.SANTOS@CONTABILIDADECO.COM.BR","88000.00","3","RJ","6001",-22.899057,-43.17899,"{7020400,8211300}","68589795","NULL"
"38","43563221000180",1,"NEVES MESSIAS & AZEVEDO CONTABILIDADE E PROJETOS DE ORCAMENTOS LTDA",NA,"2062",20210917,6920601,"RUA,NOSSA SENHORA DE FATIMA PAL 39587,24,CASA,PENHA,21072750,RJ,Rio de Janeiro","21-32159435","-","-","DIRETORIA@HGMCONTABILIDADE.COM.BR","10000.00","3","RJ","6001",-22.848148,-43.285835,"{}","43563221","NULL"
"39","73348310000175",1,"PORTELA ASSESSORIA CONTABIL E TRIBUTARIA - EIRELI",NA,"2313",19930910,6920601,"RUA,BENEDITINOS,18,9 ANDAR,CENTRO,20081050,RJ,Rio de Janeiro","21-25163424","21-25163419","021-2536382","PORTELA@PORTELAASSESSORIA.COM.BR","78800.00","3","RJ","6001",-22.898882,-43.18065,"{}","73348310","NULL"
"40","11108314000129",1,"CARAN SERVICOS CONTABEIS LTDA","CARAN SERVICOS CONTABEIS LTDA","2062",20090902,6920601,"RUA,ANFILOFIO DE CARVALHO,29,      SALA 819 PARTE,CENTRO,20030060,RJ,Rio de Janeiro","21-35153100","21-35153094","21-35153102","FERNANDO.VITOR@CONCICSERVICOS.COMJ.BR","20000.00","5","RJ","6001",-22.90829,-43.174126,"{}","11108314","NULL"
"41","23104282000172",1,"MCD CONTABIL LTDA","MCD CONTABIL ASSESSORIA E CONSULTORIA EMPRESARIAL","2062",20150819,6920601,"RUA,DA QUITANDA,00086,      SAL 201,CENTRO,20091902,RJ,Rio de Janeiro","21-37471993","-","-","COMERCIAL@MCDCONTABIL.COM.BR","30000.00","3","RJ","6001",-22.9028,-43.177284,"{6920602,7020400,8211300,8219999,8599699}","23104282","NULL"
"42","43695243000102",1,"R&B CONSULTORIA E GESTAO EMPRESARIAL LTDA","R&B CONSULTORIA EMPRESARIAL","2240",20210928,6920601,"ESTRADA,DOS BANDEIRANTES,00470,      SAL 0327,TAQUARA,22710112,RJ,Rio de Janeiro","21-24273226","-","-","CONTROLADORIA@ALRIMOVEIS.COM","10000.00","3","RJ","6001",-22.935186,-43.372097,"{6920602,8211300,8219999}","43695243","NULL"
"43","19122085000109",1,"BPOFFICE SOLUTIONS SERVICOS DE CONTABILIDADE LTDA.","BPOFFICE SOLUTIONS","2240",20131010,6920601,"RUA,LAURO MULLER,00116,      SAL 503,BOTAFOGO,22290906,RJ,Rio de Janeiro","21-37977100","21-37977109","-","RONALDO.SANTOS@BPOFFICESOLUTIONS.COM.BR","10000.00","3","RJ","6001",-22.956675,-43.176373,"{}","19122085","NULL"
"44","73594913000157",1,"ON TIME-CONTAB ASSESS E CONSULT DE EMPRESAS S/C LTDA","ON TIME","2240",19931007,6920601,"RUA,GILDASIO AMADO,55,SALA  209,BARRA DA TIJUCA,22631020,RJ,Rio de Janeiro","21-97966466","21-88492311","-","ontime@oi.com.br","200.00","3","RJ","6001",-23.003027,-43.32652,"{}","73594913","NULL"
"45","20226293000137",1,"EBTAX ASSESSORIA TRIBUTARIA EIRELI",NA,"2313",20140508,6920601,"RUA,DA ASSEMBLEIA,00010,      SAL 3706,CENTRO,20011901,RJ,Rio de Janeiro","11-32670495","-","-","CONTATO@TAXMAPTRIBUTOS.COM.BR","100000.00","5","RJ","6001",-22.904358,-43.175095,"{}","20226293","NULL"
"46","24327665000172",1,"G LIMA E A SAMPAIO SERVICOS CONTABEIS LTDA","GLASSCONT","2062",20160307,6920601,"RUA,VISCONDE DE INHAUMA,00050,      GRP 1208,CENTRO,20091007,RJ,Rio de Janeiro","21-37322427","-","-","CONTABIL@GLASSCONT.COM.BR","5000.00","3","RJ","6001",-22.899477,-43.17835,"{8211300}","24327665","NULL"
"47","17172666000120",1,"ELIAS, FREITAS E ASSOCIADOS CONSULTORIA E ASSESSORIA CONTABIL E FINANCEIRA LTDA","EFA CONTABILIDADE","2062",20121114,6920601,"BOULEVARD,VINTE E OITO DE SETEMBRO,00062,      SAL 0510,VILA ISABEL,20551031,RJ,Rio de Janeiro","21-64445359","-","-","TADEU.ELIAS@EFACONTABILIDADE.COM.BR","2000.00","3","RJ","6001",-22.91521,-43.243004,"{7020400}","17172666","NULL"
"48","68782168000130",1,"PEDROZA CONTABILIDADE S/S LTDA.","PEDROZA CONTABILIDADE","2240",19930215,6920601,"RUA MAYRINK VEIGA 32 1003/04 1101/02/03 CENTRO 20090050","21-25187743","-","21-25187743","pedroza@pedroza.com.br","0.00","3","RJ","6001",-22.8998316427953,-43.1808557632581,"{}","68782168","NULL"
"49","73211823000130",1,"ONNIX ASSESSORIA E CONSULTORIA EMPRESARIAL S/C LTDA",NA,"2240",19930702,6920601,"RUA URANOS 1063 SALA 301 RAMOS 21060070","021-5603223","-","021-5738729","ponnix@uol.com.br","0.00","5","RJ","6001",-22.8541122917075,-43.2612427785215,"{}","73211823","NULL"
"50","19254513000157",1,"SOLUCAO ASSESSORIA CONTABIL E TRIBUTARIA EIRELI",NA,"2305",20131113,6920601,"AVENIDA,EMBAIXADOR ABELARDO BUENO,00001,      BLC 1 SAL 513A 514A,JACAREPAGUA,22775022,RJ,Rio de Janeiro","21-86041122","-","21-26681907","EDMISSIO@GMAIL.COM","67800.00","3","RJ","6001",-22.97318,-43.380264,"{6822600}","19254513","NULL"
"51","15103744000109",1,"PAULO R FELIX SERVICOS DE CONTABILIDADE",NA,"2135",20120113,6920601,"RUA,ENGENHEIRO MIRANDA RIBEIRO,168,CASA  03,REALENGO,21710300,RJ,Rio de Janeiro","21-78772475","-","-","PAULOROBERTOCONTADOR@HOTMAIL.COM","10000.00","3","RJ","6001",-22.876173,-43.42657,"{8211300}","15103744","NULL"
"52","25447609000134",1,"PERFEICAO CONTABILIDADE E CONSULTORIA LTDA","PERFEICAO CONTABILIDADE E CONSULTORIA","2240",20160801,6920601,"RUA,TREZENTOS E CINQUENTA E DOIS  PAA 10448/ PAL 40481,00405,      BLC 2 SAL 1008,JACAREPAGUA,22775040,RJ,Rio de Janeiro","21-96677460","-","-","CONTATO@PERFEICAOCONSULTORIA.COM","10000.00","3","RJ","6001",-22.97268,-43.33666,"{7020400,8211300}","25447609","NULL"
"53","7798294000198",1,"BOATE JEROIZA LTDA",NA,"2062",20060116,6920601,"RUA EVARISTO DA VEIGA 00016       GRP 1105 CENTRO 20031040","21-27125840","21-93009016","21-22202701","MARCELLO@JMPCONTADORES.COM.BR","0.00","5","RJ","6001",-22.909777419355,-43.1768364975185,"{6920602}","77982940","NULL"
"54","14524583000164",1,"RIMAR CONTABIL LTDA",NA,"2240",20111007,6920601,"RUA,FELIPE CARDOSO,80,SALA  201 A 204,SANTA CRUZ,23515000,RJ,Rio de Janeiro","21-33952110","21-33952424","21-33952110","rimar@rimarcontabil.com.br","30000.00","3","RJ","6001",-22.917156,-43.68381,"{}","14524583","NULL"
"55","20427968000106",1,"BEXCELL RJ CONTABILIDADE SOCIEDADE SIMPLES LTDA","BEXCELL RIO","2240",20140609,6920601,"AVENIDA,GENARO DE CARVALHO,03117,      APT 202,RECREIO DOS BANDEIRANTES,22795077,RJ,Rio de Janeiro","21-22625747","-","-","ALEX.MADUREIRA@BEXCELL.COM.BR","10000.00","5","RJ","6001",-23.020037,-43.47219,"{}","20427968","NULL"
"56","14974634000150",1,"A C DE ANDRADE CONTABILIDADE, CONSULTORIA E ASSESSORIA EMPRESARIAL","A E M ASSESSORES CONTABILIDADE","2135",20120125,6920601,"ESTRADA,DO TINGUI,2541,APT   102 LOT 06 PAL 45261,CAMPO GRANDE,23075006,RJ,Rio de Janeiro","21-32926059","-","21-34055229","aemassessores@bol.com.br","5000.00","3","RJ","6001",-22.882032,-43.57982,"{}","14974634","NULL"
"57","22332036000105",1,"CF NITEROI CONTABILIDADE E AUDITORIA LTDA",NA,"2240",20150427,6920601,"AVENIDA,VICENTE DE CARVALHO,909,BLOCO 1                   SALA  725,VILA DA PENHA,21210623,RJ,Rio de Janeiro","21-32563555","-","-","JAQUELINE@CFCONTABILIDADE.COM","99800.00","5","RJ","6001",-22.850393,-43.309155,"{}","22332036","NULL"
"58","21131757000194",1,"DIREKTO ASSESSORIA CONTABIL E DESENVOLVIMENTO EMPRESARIAL LTDA",NA,"2062",20140929,6920601,"RUA,ENGENHEIRO ENALDO CRAVO PEIXOTO,00105,      SAL 0811,TIJUCA,20540106,RJ,Rio de Janeiro","21-35701275","-","-","GUSTAVO@DIREKTOCONTABIL.COM.BR","80000.00","3","RJ","6001",-22.922474,-43.23476,"{}","21131757","NULL"
"59","11081350000146",1,"J.P.M. NEVES CONSULTORIA CONTABIL S/C LTDA","NEVES CONSULTORIA CONTABIL","2240",20090805,6920601,"ESTRADA ADHEMAR BEBIANO 3546 CASA  28 INHAUMA 20766720","21-22295425","21-98855569","-","MASNEVES@GMAIL.COM","5000.00","5","RJ","6001",-22.8654601112588,-43.2896446841422,"{7020400,6920602}","11081350","NULL"
"60","1010385000130",1,"ELEICAO 2008 ABEL PALMA VEREADOR",NA,"4090",19960109,6920601,"RUA MIGUEL COUTO 131 SALA  SALA 401 PARTE CENTRO 20070030","21-99553777","21-99553777","-","severo_sa@bol.com.br","0.00","5","RJ","6001",-22.9004522128801,-43.1808633594264,"{}","10103850","NULL"
"61","7669145000129",1,"ASSOCIACAO DE APOIO AS EMPREGADAS DOMESTICAS DE SANTA ZITA",NA,"3999",20050906,6920601,"RUA PEREIRA DE SIQUEIRA 40 APARTAMENTO 301 TIJUCA 20550020","21-22845382","21-22342460","-","jcopolilo@ig.com.br","0.00","5","RJ","6001",0,0,"{}","76691450","NULL"
"62","19179271000184",1,"SINAPSE CONTABILIDADE LTDA","SINAPSE CONTABILIDADE","2062",20131031,6920601,"RUA ACRE 92 SALA  601 CENTRO 20081000","21-80991010","-","-","advogados@lafscontabilidade.com.br","10000.00","3","RJ","6001",-22.8996629686364,-43.1816558361129,"{8291100}","19179271","NULL"
"63","2172175000101",1,"BERCO 99 REPRODUCAO EQUINA LTDA",NA,"2240",19970627,6920601,"ESTRADA DO GALEAO 00435       SALAS 308 E 309 JARDIM GUANABARA 21931383","21-95850756","-","-","NILSON@3CCONTABILIDADE.COM","5000.00","5","RJ","6001",0,0,"{8211300}","21721750","NULL"
"64","7912609000186",1,"ALCEU DAL POZZO","MAGNA CASTRO CONTABILIDADE","2135",20060330,6920601,"AVENIDA CALOGERAS 00006       APT 207 CENTRO 20030070","21-88610003","-","21-37981607","MAGNA_CONTABILIDADE@HOTMAIL.COM","0.00","5","RJ","6001",-22.9114930227653,-43.1730098062784,"{7020400}","79126090","NULL"
"65","10215662000132",1,"CARLOS MARINHO, MEIRELLES, FAGUNDES E PORTELLA ASSESSORIA CONTABIL",NA,"2232",20080723,6920601,"RUA,TEOFILO OTONI,00015,      SAL 1004 SAL 1005,CENTRO,20090900,RJ,Rio de Janeiro","21-22636811","-","21-22636811","DIRETORIA@GRUPOMAXIMUS.SRV.BR","3000.00","5","RJ","6001",-22.899723,-43.17676,"{}","10215662","NULL"
"66","23257698000120",1,"MULTIPLO SERVICOS CONTABEIS LTDA","MULTIPLO CONTABILIDADE","2240",20150904,6920601,"AVENIDA,PASTOR MARTIN LUTHER KING JR.,00126,      BLC 9 SAL 806 TOR 1,DEL CASTILHO,20765000,RJ,Rio de Janeiro","21-36484900","-","21-36484900","CONTATO@MULTIPLOCONTABILIDADE.COM.BR","50000.00","3","RJ","6001",-22.879036,-43.271828,"{}","23257698","NULL"
"67","8772047000185",1,"LORENA FRANCESCHINI FOPPA","NS CONTABILIDADE","2135",20070409,6920601,"RUA DIAS DA CRUZ 143 SALA  403 E 404 MEIER 20720010","21-22907272","21-22907272","-","nsconsultoria2006@yahoo.com.br","0.00","5","RJ","6001",-22.9024279164694,-43.2811258066825,"{6920602}","87720470","NULL"
"68","41623413000100",1,"CIANNELLA CONTABILIDADE REAL E TRIBUTARIA LTDA","CIANNELLA CONTABILIDADE REAL E TRIBUTARIA","2240",20210419,6920601,"TRAVESSA,FARIA MACHADO,00021,,PIEDADE,20740630,RJ,Rio de Janeiro","21-25096161","-","-","PEDRO.CIANNELLA@HOTMAIL.COM","20000.00","5","RJ","6001",-22.899012,-43.31507,"{}","41623413","NULL"
"69","4206152000104",1,"DANILO DUARTE DA CUNHA FISIOTERAPEUTA LTDA",NA,"2062",20001215,6920601,"AVENIDA RIO BRANCO 14 ANDAR 7 CENTRO 20090000","21-22918977","21-88448401","21-22918977","correia@infolink.com.br","5000.00","3","RJ","6001",-22.898352876219,-43.180197861244,"{}","42061520","NULL"
"70","42076591000120",1,"C&R ASSESSORIA CONTABIL LTDA",NA,"2062",20210525,6920601,"AVENIDA EMBAIXADOR ABELARDO BUENO 00001       BLC 01 SAL 317E JACAREPAGUA 22775022","21-32170616","-","-","GUILHERME@GRUPOEPICUS.COM.BR","10000.00","3","RJ","6001",-22.973180646894,-43.3802629163366,"{7020400,8599604}","42076591","NULL"
"71","4197540000249",2,"LORIGRAF DA BAHIA TINTAS ESPECIAIS LTDA","TMF BRASIL","2062",20011219,6920601,"AVENIDA JOSE SILVA DE AZEVEDO NETO 200 COND  02                  BLOCO 3                   ANDAR 2 BARRA DA TIJUCA 22775056","11-35098200","-","21-22151950","TMFGROUPBRAZIL.LEGAL@TMF-GROUP.COM","52500.00","3","RJ","6001",-22.9890876244631,-43.3607256488397,"{}","41975400","NULL"
"72","42150992000183",1,"ALMEIDA & FREITAS GESTAO EMPRESARIAL LTDA","SEVEN TREINAMENTO E CONTABILIDADE","2240",20210531,6920601,"RUA,VINTE E UM DE ABRIL,00026,      APT 201,QUINTINO BOCAIUVA,20740030,RJ,Rio de Janeiro","21-97008650","21-98981455","-","CINTHIAALMEIDAD@GMAIL.COM","3000.00","5","RJ","6001",-22.89059,-43.31949,"{8211300,8599604}","42150992","NULL"
"73","42372013000131",1,"AUDIRE ASSESSORIA CONTABIL LTDA.","AUDIRE ASSESSORIA CONTABIL LTDA","2062",20210617,6920601,"RUA,DA GLORIA,00344,      SAL 601 SAL 603,GLORIA,20241180,RJ,Rio de Janeiro","21-31800964","-","-","CONTABILIDADE@GRUPOSOLUM.COM.BR","1000.00","3","RJ","6001",-22.92018,-43.17686,"{}","42372013","NULL"
"74","42633029000150",1,"MUZZY CONTABILIDADE LTDA","MUZZY CONTABILIDADE","2062",20210708,6920601,"AVENIDA,DAS AMERICAS,03443,      BLC 3 SAL 202,BARRA DA TIJUCA,22631003,RJ,Rio de Janeiro","21-97882628","-","-","MUZZY@MUZZYCONTABILIDADE.COM.BR","5000.00","5","RJ","6001",-23.000437,-43.34889,"{6920602,7020400}","42633029","NULL"
"75","42982318000165",1,"TAF CONSULTORIA E SERVICOS LTDA.","TAF SERVICES.","2062",20210804,6920601,"AVENIDA,REPUBLICA DO CHILE,00330,      BLC 2 SAL 1401,CENTRO,20031170,RJ,Rio de Janeiro","21-71824053","-","-","LIONLINO@HOTMAIL.COM","1000.00","3","RJ","6001",-22.909508,-43.181362,"{}","42982318","NULL"
"76","43024649000155",1,"GENAC ADMINISTRACAO E CONTABILIDADE LTDA","GENAC ADMINISTRACAO E CONTABILIDADE LTDA","2062",20210806,6920601,"RUA,ITACOROVI,386,,REALENGO,21765450,RJ,Rio de Janeiro","21-75446303","21-94834930","-","COMERCIAL@GENAC.COM.BR","30000.00","3","RJ","6001",-22.893456,-43.43535,"{6822600,6920602}","43024649","NULL"
"77","43550943000109",1,"LIDER SOLUCOES CONTABILIDADE LTDA.",NA,"2062",20210916,6920601,"AVENIDA FERNANDO MATTOS 00280       SAL 103 BARRA DA TIJUCA 22621090","21-31999550","-","-","SERGIOCALHEIA@LIDERPL.COM.BR","1000.00","3","RJ","6001",0,0,"{6920602,7020400,8211300,8219999,8299799}","43550943","NULL"
"78","4722066000146",1,"BANERJ ACOES - FUNDO DE INVESTIMENTO EM COTAS DE FUNDOS DE INVESTIMENTO",NA,"2224",20010823,6920601,"RUA MEXICO 41 SALA  1103 CENTRO 20031144","21-22402345","21-22400388","21-22203692","amc@amc.cnt.br","0.00","5","RJ","6001",-22.9112634446304,-43.1743561131052,"{6621502}","47220660","NULL"
"79","4753977000130",1,"LUIZ A ROSA E VIEIRA LTDA","M.TAVARES CONTABILIDADE","2062",20011108,6920601,"AVENIDA RIO BRANCO 00245       GRUPO 1804 CENTRO 20040917","21-25090261","-","21-25090261","MTAVARES@MTAVARESCONSULTORIA.COM.BR","0.00","5","RJ","6001",-22.9116701523746,-43.1742072464654,"{}","47539770","NULL"
"80","4913725000121",1,"BAR E EMPORIO CANDIDOMOTENSE LTDA",NA,"2062",20011218,6920601,"RUA VISCONDE DE INHAUMA 134 SALA  327,328,329,330 E331 CENTRO 20091007","21-22835359","21-22835359","21-22835359","excelencia.contabil@yahoo.com.br","0.00","5","RJ","6001",-22.9002006330718,-43.1806174257603,"{}","49137250","NULL"
"81","5275999000103",1,"DISTRIBUIDORA FABIMAR LTDA",NA,"2062",20020829,6920601,"ESTRADA DO GALEAO 766 SALA  309 CACUIA 21931522","21-33637740","-","21-24671742","adm@majur.com.br","0.00","5","RJ","6001",0,0,"{}","52759990","NULL"
"82","5544015000134",1,"CORREIA & ANDRADE S/C LTDA",NA,"2240",20030228,6920601,"AVENIDA AYRTON SENNA 3000 SALA  4033, 4034 E 4035 BARRA DA TIJUCA 22775003","21-37969646","-","21-24219646","confiare@confiare.com.br","0.00","5","RJ","6001",-22.9831306166716,-43.3653289736356,"{}","55440150","NULL"
"83","56087000208",2,"PERELLO COSTA E MACHADO NETO ADVOGADOS ASSOCIADOS SC",NA,"2240",20161213,6920601,"RUA BUENOS AIRES 48 EDIF  GOLDEN CORPORATE    ANDAR 4 CENTRO 20070022","11-38485880","-","-","CONTABILIDADE_INTERNA@BDO.COM.BR","0.00","5","RJ","6001",-22.902402259767,-43.1779199557389,"{}","56087000","NULL"
"84","60662996000203",2,"IRKO ORGANIZACAO CONTABIL LTDA",NA,"2240",20130509,6920601,"AVENIDA RIO BRANCO 00125       SAL 2001 20 ANDAR CENTRO 20040006","11-32182622","-","11-32556966","RPUBLICAS@IRKO.COM.BR","2500000.00","5","RJ","6001",-22.9040708212534,-43.1780022625369,"{7020400,6920602}","60662996","NULL"
"85","72411846000125",1,"CREDIT ASSESSORIA EMPRESARIAL LTDA","CREDIT ASSESSORIA CONTABIL","2240",19930618,6920601,"RUA,COMANDANTE CORDEIRO DE FARIA,00027,,MARACANA,20271000,RJ,Rio de Janeiro","21-25187588","21-25184718","21-25164959","CONTABILIDADE@CREDIT.COM.BR","0.00","3","RJ","6001",-22.913286,-43.219776,"{}","72411846","NULL"
"86","74051863000124",1,"SUAID SERVICOS CONTABEIS",NA,"2232",19931228,6920601,"AVENIDA,JOAO CABRAL DE MELLO NETO,00850,      BLC 02 SAL 1402           1403,BARRA DA TIJUCA,22775057,RJ,Rio de Janeiro","21-92968885","21-22402685","21-22402685","JANETEMENEZES@GLSUAID.COM.BR","100000.00","3","RJ","6001",-22.989145,-43.35831,"{}","74051863","NULL"
"87","8939740000108",1,"MADET LTDA","SAMEIRO CONTABILIDADE","2062",20070625,6920601,"PRA?A SAIQUI 40 SALA  505 VILA VALQUEIRE 21330320","21-24644913","-","-","claudio@claudiosameiro.com","0.00","5","RJ","6001",-22.88417,-43.36731,"{8599604,8599605}","89397400","NULL"
"88","8997928000102",1,"LANCHERIA JOCRIS LTDA",NA,"2062",20070810,6920601,"RUA DOM GERARDO 63 SALA  1203 - PARTE CENTRO 20090030","21-22636694","21-22032502","21-22132552","anibalrouxinol@terra.com.br","0.00","5","RJ","6001",-22.8979954421489,-43.1797720284494,"{6920602}","89979280","NULL"
"89","9617244000192",1,"ROSELI DA SILVA HALLAK","CONTABILIDADE ANTONIO MOREIRA","2135",20080402,6920601,"ESTRADA DOS BANDERANTES 250 SALA  204 JACAREPAGUA 22710112","21-24454270","-","-","MONICAMUNIZ_RJ@HOTMAIL.COM","0.00","5","RJ","6001",-22.953320039673,-43.3761208780722,"{}","96172440","NULL"
"90","97406433000183",1,"RSL ORGANIZACAO CONTABIL LTDA","RSL CONTABILIDADE","2240",19940407,6920601,"AVENIDA,RIO BRANCO,156,SALAS 2017 E 2018,CENTRO,20040901,RJ,Rio de Janeiro","021-22209343","-","021-22624180","RSL@RSLONLINE.COM.BR","1000.00","3","RJ","6001",-22.90659,-43.17714,"{}","97406433","NULL"
"91","10207163000101",1,"ECAFF CONSULTORIA CONTABIL LTDA",NA,"2240",20080718,6920601,"RUA,SETE DE SETEMBRO,135,,CENTRO,20050006,RJ,Rio de Janeiro","21-22427729","21-25075306","21-25073386","ECAFF@ECAFF.COM.BR","5000.00","5","RJ","6001",-22.906265,-43.181393,"{6920602}","10207163","NULL"
"92","10558776000266",2,"FATO CTB CONSULTORIA EIRELI","FATO CONTABIL","2305",20121226,6920601,"RUA DALCIDIO JURANDIR 255 SALA  271 BARRA DA TIJUCA 22631250","21-35535393","21-35535395","21-35538474","regiane.lima@fatocontabil.com.br","62200.00","3","RJ","6001",-23.0015133027837,-43.3389416667257,"{}","10558776","NULL"
"93","10711285000122",1,"IMPORTA CONTABILIDADE EIRELI","IMPORTA CONTABILIDADE","2305",20090318,6920601,"RUA,EVARISTO DA VEIGA,47,APT   902,CENTRO,20031040,RJ,Rio de Janeiro","21-27564253","-","21-27564253","IMPORTACONTABILIDADE@GMAIL.COM","88000.00","3","RJ","6001",-22.909777,-43.176838,"{}","10711285","NULL"
"94","10716721000318",2,"INTERATIVA CONTABIL",NA,"2232",20201026,6920601,"AVENIDA,PRESIDENTE VARGAS,00482,      SAL 1107,CENTRO,20071909,RJ,Rio de Janeiro","21-25076754","21-22424736","-","ALEXANDRE.ARRUDA@INTERATIVA.SRV.BR","10000.00","5","RJ","6001",-22.901402,-43.18033,"{}","10716721","NULL"
"95","10468374000190",1,"CONTEMPORANEA CONSULTORIA CONTABIL LTDA","TALENT CONSULT","2062",20081111,6920601,"AVENIDA,PASSOS,00115,      SAL 513,CENTRO,20051040,RJ,Rio de Janeiro","21-25163598","-","21-22534504","LEGAL@CONTEMPORANEACONTABILIDADE.COM.BR","10000.00","3","RJ","6001",-22.90216,-43.18432,"{}","10468374","NULL"
"96","10973591000137",1,"ACTIVA CONTROLLE EXATO CONTABIL LTDA","ACTIVA CONTABIL","2240",20090615,6920601,"RUA,EVARISTO DA VEIGA,47,SALA  502,CENTRO,20031040,RJ,Rio de Janeiro","21-22401692","21-22409696","21-22401692","luiz@lcns.com.br","20000.00","5","RJ","6001",-22.909777,-43.176838,"{8211300}","10973591","NULL"
"97","10997664000120",1,"MARTINIANO & LEITE ASSESSORIA CONTABIL E EMPRESARIAL LTDA",NA,"2240",20090715,6920601,"AVENIDA,VICENTE DE CARVALHO,909,      SALA 728,VILA DA PENHA,21210623,RJ,Rio de Janeiro","21-32171091","-","-","MARTINIANOELEITE@MARTINIANOELEITE.COM.BR","2000.00","5","RJ","6001",-22.850393,-43.309155,"{}","10997664","NULL"
"98","10879950000191",1,"NNC SERVICOS CONTABEIS S/S",NA,"2232",20090518,6920601,"AVENIDA,CHURCHILL,00060,      SAL 1104 COM              ENTRADA SUPLEMENTAR       PELA AVENIDA              FRANKLIN ROOSEVELT        N 71,CENTRO,20021120,RJ,Rio de Janeiro","21-22407746","21-64091575","21-22621628","EDMILSON@CO.ADV.BR","5000.00","5","RJ","6001",-22.909264,-43.171234,"{}","10879950","NULL"
"99","10909817000130",1,"LAURO SERGIO CONTABILIDADE EIRELI",NA,"2313",20090520,6920601,"RUA,DOUTOR FERRARI,296,      PARTE,TODOS OS SANTOS,20770005,RJ,Rio de Janeiro","21-39790103","21-39790103","21-39790103","LAUROSERGIOROSA@HOTMAIL.COM","72400.00","5","RJ","6001",-22.892221,-43.284977,"{}","10909817","NULL"
"100","10912402000116",1,"MENTOREAR CONTABIL LTDA","MENTOREAR","2240",20090602,6920601,"AVENIDA,PRESIDENTE VARGAS,482,SALA  1013,CENTRO,20071000,RJ,Rio de Janeiro","21-21482625","-","21-22331552","sheila.espindola@mentorear.com","10000.00","5","RJ","6001",-22.901611,-43.180958,"{6920602}","10912402","NULL"
"101","11179682000168",1,"MCR - CONSULTORIA EMPRESARIAL LTDA","MCR - CONSULTORIA EMPRESARIAL LTDA","2240",20090819,6920601,"RUA RAVENA 50       APTO 201 CAMPO GRANDE 23088160","21-22928195","21-82522667","21-22928195","crfpeixoto@yahoo.com.br","5000.00","5","RJ","6001",-22.8864003,-43.5504398,"{6920602,6911702,7020400}","11179682","NULL"
"102","11226266000173",1,"GARCEZ ASSESSORIA CONTABIL EIRELI",NA,"2313",20090928,6920601,"RUA,DIAS DA CRUZ,148,SALA  602,MEIER,20720012,RJ,Rio de Janeiro","21-38990252","21-25967553","21-25967553","mep.ntg@terra.com.br","110000.00","5","RJ","6001",-22.901985,-43.279087,"{}","11226266","NULL"
"103","11280111000115",1,"GAVIAO PEIXOTO GESTAO E SERVICOS EIRELI","GP GESTAO ADMINISTRATIVA","2305",20090811,6920601,"AVENIDA,DAS AMERICAS,03301,      BLC 05 LOJ 0111,BARRA DA TIJUCA,22631003,RJ,Rio de Janeiro","21-34490032","21-34399987","-","GAVIAOPEIXOTOADM@GMAIL.COM","100000.00","3","RJ","6001",-23.000437,-43.34889,"{6630400,6822600,6920602,7020400,7490104,7711000,7719599,7732201,7739099,7810800,8211300}","11280111","NULL"
"104","11304212000189",1,"CONTECH PLANILHAS ELETRONICAS E ASSESSORIA EMPRESARIAL LTDA",NA,"2240",20091029,6920601,"AVENIDA,PRESIDENTE VARGAS,542,SALA  601,CENTRO,20071003,RJ,Rio de Janeiro","21-22534881","-","21-35531224","contech.assessoria@gamil.com","10000.00","5","RJ","6001",-22.90211,-43.1808,"{7020400,6311900}","11304212","NULL"
"105","11351247000179",1,"BOOK ASSESSORIA CONTABIL E EMPRESARIAL EIRELI","BOOK CONTABILIDADE","2305",20091116,6920601,"RUA,PRUDENTE DE MORAIS NETO,101,SALA  205,RECREIO DOS BANDEIRANTES,22795345,RJ,Rio de Janeiro","21-30427397","21-96267370","21-31760220","GKNUPPVIEIRA@GMAIL.COM","88000.00","5","RJ","6001",-23.017462,-43.45858,"{}","11351247","NULL"
"106","11392689000163",1,"GIGACONT ASSESSORIA CONTABIL LTDA","PARAMETRO SERVICOS CONTABEIS LTDA.","2240",20090803,6920601,"AVENIDA PRESIDENTE VARGAS 482 ANDAR 6 SALA 612 PARTE CENTRO 20071000","21-78920648","-","-","crodrigues_sm@hotmail.com","2000.00","5","RJ","6001",-22.9014015931099,-43.1803294257603,"{}","11392689","NULL"
"107","11393232000173",1,"OLIVEIRA CONTABILIDADE LTDA",NA,"2240",20091211,6920601,"AVENIDA,DAS AMERICAS,00500,      BLC 22 SAL 230 BLC        22 SAL 229,BARRA DA TIJUCA,22640904,RJ,Rio de Janeiro","21-25713190","-","-","CONTATO@OLIVEIRA.CNT.BR","10000.00","3","RJ","6001",-23.004581,-43.319897,"{}","11393232","NULL"
"108","11447150000164",1,"MRF CONTABILIDADE,PRODUCOES ARTISTICAS, CINEMATOGRAFICAS E DESENVOLVIMENTO EMPRESARIAL EIRELI","STUDIOS BARELLI","2305",20100108,6920601,"RUA,JURUENA,00284,      APT 307 BLC B,SENADOR VASCONCELOS,23013510,RJ,Rio de Janeiro","21-33646655","21-95731215","-","MIROFI@GMAIL.COM","80000.00","3","RJ","6001",-22.896269,-43.539978,"{5911102,5911199,5912002,5920100,7020400,7420001,8599604,9001902,9001903,9001999}","11447150","NULL"
"109","11515339000147",1,"CONSULTHOR ASSESSORIA CONTABIL LTDA",NA,"2240",20091221,6920601,"RUA MIMOSA 33 APT   303 VILA DA PENHA 21211040","21-33916828","21-78909588","-","luizcarlosss@gmail.com","10000.00","5","RJ","6001",-22.836333038577,-43.3063097818398,"{}","11515339","NULL"
"110","11739237000105",1,"LATTANZI CONSULTORIA LTDA",NA,"2240",20100308,6920601,"AVENIDA,LUCIO COSTA,3600,BLOCO 03                  APT   2.201,BARRA DA TIJUCA,22630010,RJ,Rio de Janeiro","21-24377595","-","-","adilson@cwnet.com.br","15000.00","5","RJ","6001",-23.010471,-43.332035,"{}","11739237","NULL"
"111","11761263000210",2,"ALVES GUIMARAES CONTABILIDADE GERENCIAL LTDA",NA,"2062",20180517,6920601,"AVENIDA EMBAIXADOR ABELARDO BUENO 00001       BLC 1 SAL 519C JACAREPAGUA 22775022","21-34007342","-","-","PROT.JUR@GRUPOALVESGUIMARAES.COM.BR","40000.00","3","RJ","6001",-22.973180646894,-43.3802629163366,"{}","11761263","NULL"
"112","11775028000117",1,"JIYMB ASSESSORIA CONTABIL LTDA","JIYMB ASSESSORIA CONTABIL LTDA","2240",20100318,6920601,"RUA,SARGENTO ANTONIO ERNESTO,00423,      CAS 97,PAVUNA,21520460,RJ,Rio de Janeiro","99-99299116","-","-","JORGE.BALDUINO@GLOBO.COM","10000.00","5","RJ","6001",-22.810808,-43.35735,"{8219999}","11775028","NULL"
"113","12020391000195",1,"DALMAF CONSULTORIA E TREINAMENTO CONTABIL LTDA",NA,"2240",20100519,6920601,"AVENIDA,DAS AMERICAS,08585,      SAL 0443,BARRA DA TIJUCA,22793081,RJ,Rio de Janeiro","21-32695999","-","21-34732667","dalmaf@dalmaf.com.br","5000.00","3","RJ","6001",-23.000689,-43.394505,"{6201501,6209100,8599604,8599605}","12020391","NULL"
"114","12195971000113",1,"BG CONTABILIDADE E ASSESSORIA FISCAL LTDA",NA,"2240",20100519,6920601,"AVENIDA, NOSSA SENHORA DE COPACABANA,330,SALA  703 A 707 E 907,COPACABANA,22020001,RJ,Rio de Janeiro","21-22560494","21-22366389","21-25481837","bgcontabilidade@ig.com.br","40000.00","5","RJ","6001",-22.967823,-43.182705,"{}","12195971","NULL"
"115","12058215000142",1,"MAPTURCATEL SERVICOS CONTABEIS","MAPTURCATEL SERVICOS CONTABEIS","2232",20100526,6920601,"AVENIDA,PRESIDENTE VARGAS,633,SALA  1815 E 1817,CENTRO,20071004,RJ,Rio de Janeiro","21-22245636","21-22245636","21-22245636","MTURCATEL@GMAIL.COM","2000.00","5","RJ","6001",-22.901691,-43.18123,"{}","12058215","NULL"
"116","12982830000140",1,"AJUCON ASSESSORIA CONTABIL E TRIBUTARIA LTDA","AJUCON","2240",20101130,6920601,"RUA,SENADOR DANTAS,118,SALA  508 E 509,CENTRO,20031205,RJ,Rio de Janeiro","21-25246810","21-25440092","-","alexsouza@ajucon.com.br","20000.00","5","RJ","6001",-22.908918,-43.178196,"{8299799}","12982830","NULL"
"117","12801263000189",1,"GFB RIO ASSESSORIA CONTABIL S/S",NA,"2232",20101103,6920601,"AVENIDA,CHURCHILL,00109,      SAL 702 SAL 703 SAL       701 SAL 704 GRP           1001,CENTRO,22245100,RJ,Rio de Janeiro","21-22620701","-","21-22825274","JURIDICORJ@GORIOUX.COM.BR","10000.00","5","RJ","6001",-22.908895,-43.170948,"{}","12801263","NULL"
"118","13013064000179",1,"ACELERA CONTABILIDADE LTDA",NA,"2240",20101126,6920601,"ESTRADA,RIO DO A,00230,      LOJ,CAMPO GRANDE,23080300,RJ,Rio de Janeiro","21-24161807","21-24152773","21-24161807","PERFECTCONT@GMAIL.COM","10000.00","5","RJ","6001",-22.901424,-43.567097,"{}","13013064","NULL"
"119","13042087000101",1,"PHOENIX - CONSULTORIA CONTABIL LTDA",NA,"2240",20101130,6920601,"RUA,SANTA LUZIA,799,SALA  1202,CENTRO,20030042,RJ,Rio de Janeiro","21-22101521","21-25249828","21-22101479","PROSVALDOCOUTO@HOTMAIL.COM","10000.00","5","RJ","6001",-22.91024,-43.173214,"{}","13042087","NULL"
"120","13150106000113",1,"C3 ASSESSORIA E CONSULTORIA EMPRESARIAL LTDA",NA,"2240",20110114,6920601,"RUA CAROLINA SANTOS 11 SALA  101 LINS DE VASCONCELOS 20720310","21-25833900","21-25833900","21-25833900","julio@medicalstent.com.br","5000.00","5","RJ","6001",-22.9093211312828,-43.2829453981476,"{6920602,7020400}","13150106","NULL"
"121","13499138000129",1,"THOMPSON CONSULTORIA E AUDITORIA CONTABIL LTDA",NA,"2240",20110328,6920601,"RUA,JOAO GERALDO KUHLMANN,00558,      LOT 12 PAL 33120          QDR R,BARRA DA TIJUCA,22793264,RJ,Rio de Janeiro","21-22812502","-","21-22617296","D.THOMPSON@GLOBO.COM","10000.00","5","RJ","6001",-22.995523,-43.38534,"{6920602}","13499138","NULL"
"122","13527960000156",1,"SATURNO CONSULTORIA CONTABIL E PERICIAS",NA,"2232",20110415,6920601,"RUA BARATA RIBEIRO 00316       SAL 201 COPACABANA 22040002","21-35794605","-","21-25181558","CONTATO@CRONUSEMPRESAS.COM.BR","10000.00","5","RJ","6001",-22.9670863591379,-43.1833842078885,"{6920602}","13527960","NULL"
"123","13610564000198",1,"MAXIMA CONTADORES LTDA",NA,"2240",20110505,6920601,"AVENIDA,PASSOS,00115,      SAL 513,CENTRO,20051040,RJ,Rio de Janeiro","21-22835528","-","21-35509658","ELZANFNEVES@MAXIMACONTADORES.COM.BR","45000.00","5","RJ","6001",-22.90216,-43.18432,"{6920602}","13610564","NULL"
"124","13634161000189",1,"AGF CONTABIL LTDA","AGF CONTABIL LTDA - EPP","2240",20110429,6920601,"RUA,DOM GERARDO,00063,      SAL 1707,CENTRO,20090030,RJ,Rio de Janeiro","21-26202428","21-87786736","21-26202428","CARLOS@AGFCONSULTORES.COM.BR","10000.00","3","RJ","6001",-22.897995,-43.17977,"{}","13634161","NULL"
"125","13639271000133",1,"UNION ACCOUNTING ASSESSORIA, CONSULTORIA, AUDITORIA E SERVICO CONTABIL LIMITADA","UNION ACCOUNTING","2240",20110511,6920601,"RUA,ENGENHEIRO ENALDO CRAVO PEIXOTO,00105,      SAL 0716,TIJUCA,20540106,RJ,Rio de Janeiro","21-22563016","-","-","MARCELOLUZLEAL@GMAIL.COM","4000.00","5","RJ","6001",-22.922474,-43.23476,"{}","13639271","NULL"
"126","13778233000161",1,"RIOBARRA SERVICOS CONTABEIS S/S","RIOBARRA CONTABILIDADE","2232",20110516,6920601,"AVENIDA,DAS AMERICAS,00700,      BLC 6 SAL 240,BARRA DA TIJUCA,22640100,RJ,Rio de Janeiro","21-35538026","21-35536150","21-35536150","VINICIUS@VSOUZA.COM.BR","120000.00","3","RJ","6001",-23.00077,-43.32947,"{}","13778233","True"
"127","14070355000161",1,"CARLOS ALBERTO DA ROCHA CONTABILIDADE","MILLENIUM CONTABILIDADE","2135",20110805,6920601,"RUA,BARONESA,437,SALA  203,PRACA SECA,21321000,RJ,Rio de Janeiro","21-24643781","21-76070140","21-24643781","ccarlosrocha@yahoo.com.br","5000.00","3","RJ","6001",-22.895945,-43.353146,"{8211300}","14070355","NULL"
"128","14234416000189",1,"REVIEW CONTABIL CONSULTORIA LTDA","REVIEW CONTABIL","2240",20110830,6920601,"RUA,CARDOSO DE MESQUITA,25,,AGUA SANTA,20745290,RJ,Rio de Janeiro","21-21782143","21-21782142","-","CONTATO@REVIEWCONTABIL.COM.BR","10000.00","5","RJ","6001",-22.904322,-43.309845,"{6920602}","14234416","NULL"
"129","14497574000121",1,"N & L ASSESSORIA E CONSULTORIA CONTABIL LTDA","N &L CONTABILIDADE","2062",20111020,6920601,"RUA CAPITAO FELIX 110       TER LJ 2 GL4 BL CF BENFICA 20920310","21-25052040","21-85291359","21-25052070","contabilidade@comprev.com.br","10000.00","5","RJ","6001",-22.8946816305903,-43.2366939596054,"{}","14497574","NULL"
"130","14676614000100",1,"CASTRO - SERVICOS DE CONTABILIDADE LTDA",NA,"2240",20111123,6920601,"AVENIDA MARECHAL FLORIANO 38 APT   208 CENTRO 20080007","21-22338501","21-22530544","-","CASTRO.CONSULT@GMAIL.COM","2000.00","5","RJ","6001",-22.9010587338277,-43.1825927529863,"{8211300,8219999,9511800,6209100}","14676614","NULL"
"131","14786272000173",1,"GRUPO CCR ASSESSORIA CONTABIL E EMPRESARIAL LTDA","GRUPO CCR CONTABILIDADE","2240",20111215,6920601,"PRACA,OLAVO BILAC,28,SALA  506,CENTRO,20041010,RJ,Rio de Janeiro","21-22246770","21-96240767","21-22234437","catia@grupoccrcontabilidade.com.br","50000.00","5","RJ","6001",-22.90356,-43.17975,"{}","14786272","NULL"
"132","14800547000186",1,"BETEL ESCRITORIO DE CONTABILIDADE CONSULTORIA E GESTAO EMPRESARIAL LTDA","BETEL CONTABILIDADE","2062",20111226,6920601,"AVENIDA TENENTE CORONEL MUNIZ DE ARAGAO 2059 SALA  101 GARDENIA AZUL 22765007","21-24475184","-","21-24475184","SSA.JPA@IG.COM.BR","40000.00","3","RJ","6001",-22.956199000872,-43.3529718443823,"{6920602,7020400}","14800547","NULL"
"133","14896491000105",1,"GOUTE SERVICOS CONTABEIS LTDA",NA,"2240",20120116,6920601,"AVENIDA,GEREMARIO DANTAS,00526,      SAL 0101 SAL 0102         SAL 0103 SAL 0104,PECHINCHA,22740010,RJ,Rio de Janeiro","21-32588631","-","-","CARLOS@GOUTECONTABIL.COM.BR","2000.00","5","RJ","6001",-22.927866,-43.35567,"{}","14896491","NULL"
"134","14808496000139",1,"AMX SERVICOS CONTABEIS E TRIBUTARIOS EIRELI",NA,"2305",20111228,6920601,"AVENIDA,NELSON CARDOSO,00596,      SAL 502,TAQUARA,22730000,RJ,Rio de Janeiro","21-88220192","-","21-24352818","IMCMONTE@YAHOO.COM.BR","100000.00","5","RJ","6001",-22.919655,-43.367474,"{}","14808496","NULL"
"135","15132337000120",1,"AUDIPLANUS CONSULTORIA CONTABIL LTDA",NA,"2240",20120229,6920601,"RUA,BENTO LISBOA,00108,      APT 502,CATETE,22221011,RJ,Rio de Janeiro","21-35509457","-","21-3559457","AUDIPLANUSCONTABIL@GMAIL.COM","20000.00","3","RJ","6001",-22.927717,-43.179367,"{}","15132337","NULL"
"136","15500364000108",1,"APAR ASSESSORIA CONTABIL LTDA","APAR CONTABILIDADE","2062",20120427,6920601,"AVENIDA,SANTA CRUZ,5079,LOJA  A,BANGU,21830008,RJ,Rio de Janeiro","21-34890374","-","21-34890372","APAR@APARCONTABILIDADE.COM.BR","20000.00","3","RJ","6001",-22.882008,-43.482265,"{}","15500364","NULL"
"137","15607425000130",1,"CHAMARELLI & GOULART CONSULTORIA LIMITADA","CHAMARELLI & GOULART CONSULTORIA LIMITADA","2240",20111013,6920601,"AVENIDA,GENARO DE CARVALHO,2884,APT   204,RECREIO DOS BANDEIRANTES,22795078,RJ,Rio de Janeiro","21-35257700","21-35257746","21-35257798","claudio.chaves@ancar.com.br","1000.00","5","RJ","6001",-23.022152,-43.481266,"{6920602}","15607425","NULL"
"138","15748391000102",1,"MARCANT ASSESSORIA CONTABIL LTDA",NA,"2240",20120619,6920601,"RUA FELICIO 96 CASA  106 CASCADURA 21381360","21-32716898","21-92262106","21-22526992","contador_antonio@yahoo.com.br","5000.00","5","RJ","6001",-22.8806663252928,-43.3186835872815,"{}","15748391","NULL"
"139","16100335000111",1,"G. KONSTANTINIDIS ASSESSORIA CONTABIL E TRIBUTARIA","MGK ASSESSORIA CONTABIL E TRIBUTARIA","2135",20120706,6920601,"RUA OURIQUE 850 APT   850 LOJA BRAZ DE PINA 21011130","21-34574284","21-87597145","-","mgk.contabilidade@gmail.com","20000.00","5","RJ","6001",-22.8241800535519,-43.2830330049917,"{}","16100335","NULL"
"140","1630549000122",1,"ELEICAO 2012 COMITE FINANCEIRO PI PARA VEREADOR PPL BOM PRINCIPIO DO PIAUI","CPS SERVICOS","3999",19960731,6920601,"AVENIDA EVANDRO LINS E SILVA 840 SALAS 702 E 703 BARRA DA TIJUCA 22631470","21-99865620","-","21-22408542","cpscons@veloxmail.com.br","0.00","5","RJ","6001",-23.0037039325585,-43.3253590490228,"{}","16305490","NULL"
"141","16653026000179",1,"C A P SILVA ASSESSORIA DE EMPRESAS - EIRELI",NA,"2313",20120730,6920601,"RUA URUGUAI 00545       APT 102 TIJUCA 20510057","21-35531542","21-35531548","21-35531542","IVAN.CLAUDIO@TOWERCONSULTORIA.COM.BR","78000.00","5","RJ","6001",-22.9363107496394,-43.2386058739687,"{8299799}","16653026","NULL"
"142","16678915000190",1,"COOPERA CONTABILIDADE LTDA",NA,"2240",20120802,6920601,"AVENIDA,PRESIDENTE VARGAS,482,SALA  318,CENTRO,20071000,RJ,Rio de Janeiro","21-25169591","21-80812033","-","jmfomalhaut@gmail.com","10000.00","5","RJ","6001",-22.901611,-43.180958,"{6920602}","16678915","NULL"
"143","16895330000122",1,"GM SERVICOS CONTABEIS LTDA","GM SERVICOS CONTABEIS LTDA","2062",20120815,6920601,"AVENIDA,RIO BRANCO 45,45,SALA  707,CENTRO,20090908,RJ,Rio de Janeiro","21-31736929","21-31786958","21-31782232","MAURO@GMCONTABEIS.COM.BR","5000.00","3","RJ","6001",-22.899677,-43.17967,"{7020400}","16895330","NULL"
"144","16946905000199",1,"ACCOUNTING SERVICOS DE CONTABILIDADE LTDA.","ACCOUNTING","2240",20121002,6920601,"RUA BARAO DE IPANEMA 131 APT   1601 COPACABANA 22050031","21-32831053","21-99449976","-","camilacrissiuma@hotmail.com","1000.00","5","RJ","6001",0,0,"{}","16946905","NULL"
"145","17040125000148",1,"VIEIRA DE MELLO CONTABILIDADE LTDA.",NA,"2240",20121019,6920601,"RUA,MONSENHOR ALVES DA ROCHA,140,SALA  816,PENHA,21070540,RJ,Rio de Janeiro","21-22903629","21-34580540","21-34580540","VIEIRADEMELLOCONTABILIDADE@HOTMAIL.COM","10000.00","5","RJ","6001",-22.842024,-43.276337,"{}","17040125","NULL"
"146","17198402000145",1,"MDI SUPORTE EMPRESARIAL EIRELI","MDI SUPORTE","2305",20121023,6920601,"AVENIDA PRINCESA ISABEL 150 SALA  1101 - PARTE COPACABANA 22011010","21-22754717","21-22756151","21-22756151","valeriomorais@gmail.com","62200.00","3","RJ","6001",0,0,"{}","17198402","NULL"
"147","17374048000162",1,"JULIANA CASSUNDE CORREA ASSESSORIA CONTABIL",NA,"2135",20130108,6920601,"RUA AQUIDABA 1399  LINS DE VASCONCELOS 20720292","21-38991648","21-30644025","21-38991648","MARINETEMANHAES@GMAIL.COM","10000.00","5","RJ","6001",-22.9109851876334,-43.2941268306885,"{}","17374048","NULL"
"148","17300254000128",1,"PLANOCOM CONTABILIDADE",NA,"2232",20121212,6920601,"RUA,SENADOR DANTAS,00020,      88 904 A 907,CENTRO,20031203,RJ,Rio de Janeiro","21-22775950","-","-","IVAN.LOPES@PLANOCOM.COM.BR","5000.00","3","RJ","6001",-22.9115,-43.176693,"{}","17300254","NULL"
"149","17330741000133",1,"JMP SOLUCOES EMPRESARIAIS E TECNOLOGICAS LTDA","JMP CONTABILIDADE E FINANCAS","2240",20121220,6920601,"AVENIDA,JULIO DE SA BIERRENBACH ALM,00065,      BLC 004 SAL 0324,JACAREPAGUA,22775028,RJ,Rio de Janeiro","21-91980000","-","-","JMPSOLUCOES@GMAIL.COM","2000.00","5","RJ","6001",-22.972752,-43.365913,"{6209100}","17330741","NULL"
"150","17543906000155",1,"LEPAJEMIS - SERVICOS CONTABEIS ESPECIALIZADOS LTDA",NA,"2240",20130206,6920601,"RUA,SENADOR DANTAS,71,      SALA 806,CENTRO,20031202,RJ,Rio de Janeiro","21-22925172","-","-","LEANDRO@SCACONSULT.COM.BR","5000.00","5","RJ","6001",-22.909445,-43.177956,"{8299799}","17543906","NULL"
"151","17741904000170",1,"LMF CONSULTORES EMPRESARIAIS ASSOCIADOS LTDA",NA,"2240",20130312,6920601,"RUA,BUENOS AIRES,00041,      E 41 A PAV 09,CENTRO,20070021,RJ,Rio de Janeiro","21-22925054","-","21-22925054","MARLI@LMFCONSULTORES.COM.BR","30000.00","5","RJ","6001",-22.90315,-43.17963,"{6822600,8599604}","17741904","NULL"
"152","17864808000110",1,"MRT-PROJETOS INDUSTRIAIS LTDA","MRT PROJETOS","2062",20130204,6920601,"RUA,CABUCU,24,APT   101,LINS DE VASCONCELOS,20710300,RJ,Rio de Janeiro","21-25918989","21-32175141","21-25918989","contabilidademg@terra.com.br","2000.00","5","RJ","6001",-22.908339,-43.276768,"{}","17864808","NULL"
"153","17930485000115",1,"CONTABILIZA ATIVIDADES CONTABEIS EIRELI","CONTABILIZA","2305",20130403,6920601,"RUA,IMUTA,150,BLOCO 1                   APT   303,PECHINCHA,22770600,RJ,Rio de Janeiro","21-21433664","21-93147294","-","contabiliza@yahoo.com.br","68000.00","3","RJ","6001",-22.93956,-43.360813,"{}","17930485","NULL"
"154","18117547000137",1,"PRIME ASSESSORIA E CONSULTORIA CONTABIL LTDA","PRIME ASSESSORIA E CONSULTORIA CONTABIL","2062",20130514,6920601,"AVENIDA,JULIO DE SA BIERRENBACH ALM,65,      BLOCO 2 SALA 216,JACAREPAGUA,22775028,RJ,Rio de Janeiro","21-30301418","-","-","PRIME@PRIMEACC.COM.BR","5000.00","3","RJ","6001",-22.972752,-43.365913,"{6920602,7020400,8211300}","18117547","NULL"
"155","18232792000195",1,"WSP SERVICOS CONTABEIS E EMPRESARIAIS LTDA","WSP CONTABILIDADE","2062",20130603,6920601,"RUA,DA CONCEICAO,105,SALA  212,CENTRO,20051011,RJ,Rio de Janeiro","21-35591230","21-68645428","21-81817428","wspcontabil@uol.com.br","20000.00","3","RJ","6001",-22.903984,-43.182438,"{8211300,8219999,8599604,8291100,8230001}","18232792","NULL"
"156","18259888000147",1,"N S ASSESSORIA CONTABIL LTDA.","N S ASSESSORIA CONTABIL LTDA","2240",20130606,6920601,"AVENIDA GUILHERME MAXWELL 516 SALA  611 BONSUCESSO 21042112","21-95306093","-","-","marzardo@ig.com.br","30000.00","5","RJ","6001",-22.8643148459519,-43.2532547704714,"{}","18259888","NULL"
"157","18942046000195",1,"JC CARVALHO CONTABILIDADE EIRELI","JC CONTABILIDADE","2305",20130924,6920601,"RUA,SANTO APIANO,15,APT   201,IRAJA,21361420,RJ,Rio de Janeiro","21-30131301","21-33914987","21-33914987","ADM@JC.CNT.BR","68000.00","3","RJ","6001",-22.851269,-43.330734,"{}","18942046","NULL"
"158","18964862000108",1,"MILLER & REZENDE CONTABILIDADE E ASSESSORIA COMERCIAL","MILLER & REZENDE","2062",20130926,6920601,"RUA DA BONDADE 33  CURICICA 22780400","21-24410051","21-78510685","-","CONTABIL@PROSOCIAL.NET.BR","20000.00","3","RJ","6001",-22.9565770721623,-43.3875475423279,"{8211300}","18964862","NULL"
"159","18975082000155",1,"VMG ASSESSORIA CONTABIL E FINANCEIRA EIRELI",NA,"2305",20130927,6920601,"PRACA,TELE SANTANA,45,BLOCO 1                   APT   1102,BARRA DA TIJUCA,22793298,RJ,Rio de Janeiro","21-35538190","-","-","VRODRIGUES62@YAHOO.COM.BR","100000.00","3","RJ","6001",-23.002165,-43.39077,"{}","18975082","NULL"
"160","19164824000125",1,"SOUZA E MELLO CONTADORES ASSOCIADOS S/S","SOMECONT","2232",20131028,6920601,"RUA TIETE 44  BANGU 21820120","21-87728861","21-98674386","-","WVSOUZA@IG.COM.BR","2000.00","3","RJ","6001",-22.8769681,-43.4710069,"{}","19164824","NULL"
"161","19190068000109",1,"R & L CONFIANCE CONSULTORES E AUDITORES LTDA",NA,"2062",20131101,6920601,"AVENIDA DOM HELDER CAMARA 06001       APT 0505 BLC 008 ENGENHO DE DENTRO 20771035","21-32711852","-","-","BROZARIO@CONFIANCECONSULT.COM.BR","5000.00","5","RJ","6001",-22.885622935628,-43.2900374705983,"{6920602,7020400,8599604}","19190068","NULL"
"162","19454841000105",1,"GUILHERME ROCHA PECLAT CONTABILIDADE",NA,"2135",20131230,6920601,"RUA AMILCAR DE CASTRO 40 APT   903 PARTE JACAREPAGUA 22775053","21-38562860","-","-","fabiano1queiroz@hotmail.com","15000.00","5","RJ","6001",-22.9723419382517,-43.3854525177516,"{}","19454841","NULL"
"163","19479704000117",1,"ETHICOS CONSULTORIA CONTABIL E TRIBUTARIA EIRELI","ETHICOS CONSULTORIA","2305",20140107,6920601,"AVENIDA,PASTOR MARTIN LUTHER KING JR,126,BLOCO 9                   SALA  208 E 209,DEL CASTILHO,20765000,RJ,Rio de Janeiro","21-37381742","-","21-96436900","CONTATO@ETHICOSCONSULTORIA.COM.BR","96000.00","3","RJ","6001",-22.879036,-43.271828,"{7020400,8299799}","19479704","NULL"
"164","19641353000107",1,"GLOBAL CHANGES INOVACOES ASSESSORIA E CONSULTORIA EMPRESARIAL LTDA",NA,"2062",20140203,6920601,"RUA,DO OUVIDOR,00063,      SAL 405,CENTRO,20040031,RJ,Rio de Janeiro","21-95084150","-","21-35153102","CSAQ.ASSESSORIACONTABIL@GMAIL.COM","300000.00","5","RJ","6001",-22.903814,-43.178368,"{5811500,7220700,8211300,8230001,9001999,9101500}","19641353","NULL"
"165","19693519000120",1,"MBR CONTABILIDADE EIRELI",NA,"2305",20140210,6920601,"ESTRADA,DE JACAREPAGUA,7655,      SAL 815,FREGUESIA (JACAREPAGUA),22753900,RJ,Rio de Janeiro","21-31724138","-","-","LCMBARBOSA@GMAIL.COM","95400.00","5","RJ","6001",-22.941944,-43.341476,"{}","19693519","NULL"
"166","20098274000172",1,"JB VIANA CONTABILIDADE EIRELI","BUENA CONTADORES","2313",20140415,6920601,"AVENIDA,JOSE WILKER ATOR,00605,      BLC 1 C SAL 0860          BLC 1 C SAL 0861,JACAREPAGUA,22775024,RJ,Rio de Janeiro","21-41092302","-","-","JEANE@BUENACONTADORES.COM.BR","72400.00","3","RJ","6001",0,0,"{7020400}","20098274","NULL"
"167","20138585000118",1,"ROCHA BARRETO SOLUCOES CONTABEIS LTDA",NA,"2062",20140424,6920601,"AVENIDA,RIO BRANCO,00037,      GRP 1503,CENTRO,20090003,RJ,Rio de Janeiro","21-99490103","-","-","FILIPE@ROCHABARRETO.COM.BR","5000.00","3","RJ","6001",-22.899109,-43.179874,"{7020400}","20138585","NULL"
"168","20551544000159",1,"JORGE ROCHA - SERVICOS DE CONTABILIDADE E ASSESSORIA EMPRESARIAL LTDA",NA,"2062",20140703,6920601,"RUA,BARIRI,236,,OLARIA,21021270,RJ,Rio de Janeiro","21-21464226","-","-","JJROCHA@GLOBO.COM","20000.00","5","RJ","6001",-22.841139,-43.265392,"{}","20551544","NULL"
"169","20688273000188",1,"BRG CONSULTORIA E GESTAO CONTABIL LTDA",NA,"2062",20140711,6920601,"AVENIDA,EMBAIXADOR ABELARDO BUENO,00001,      BLC 01 SAL 704D,JACAREPAGUA,22775022,RJ,Rio de Janeiro","21-37659461","-","-","CONTATO@BRGCONTABILIDADE.COM","200000.00","3","RJ","6001",-22.97318,-43.380264,"{7020400,8211300}","20688273","NULL"
"170","20927370000186",1,"CONTABILIZAR ASSESSORIA CONTABIL E FISCAL LTDA",NA,"2240",20140825,6920601,"AVENIDA,FRANKLIN ROOSEVELT,39,SALA  905,CENTRO,20021120,RJ,Rio de Janeiro","21-31741021","-","-","RAQUEL@CONTABILIZAR-RIO.COM.BR","2000.00","3","RJ","6001",-22.909353,-43.17056,"{}","20927370","NULL"
"171","21067746000192",1,"IM CONTABILIDADE E SUPORTE FINANCEIRO LTDA","IM ACCOUNTING","2062",20140904,6920601,"AVENIDA,RIO BRANCO,00089,      SAL 802,CENTRO,20040004,RJ,Rio de Janeiro","21-32394850","-","21-32394896","ROBERTO.MARTINS@INVENTUREMANAGEMENT.COM","10000.00","5","RJ","6001",-22.898579,-43.18005,"{7020400,6619399}","21067746","NULL"
"172","21117110000108",1,"SINAPSE CONTABILIDADE LTDA.","SINAPSE CONTABILIDADE","2062",20140925,6920601,"AVENIDA JOAO CABRAL DE MELLO NETO 00850       BLC 002 SAL 1210 BARRA DA TIJUCA 22775057","21-38063700","-","-","REGISTRO@LAFSCONTABILIDADE.COM.BR","10000.00","3","RJ","6001",-22.9891459602149,-43.3583124496012,"{8219999}","21117110","NULL"
"173","21119350000141",1,"B2FINANCE RIO - EIRELI",NA,"2305",20140825,6920601,"AVENIDA,LUCIO COSTA,4600,,BARRA DA TIJUCA,22630011,RJ,Rio de Janeiro","21-72157977","-","-","IVAN.RUIVO@B2FINANCE-GROUP.COM","72400.00","5","RJ","6001",-23.0102,-43.343903,"{}","21119350","NULL"
"174","22094323000124",1,"ATRIUM ASSESSORIA TRIBUTARIA","ATRIUM ASSESSORIA TRIBUTARIA","2232",20150319,6920601,"RUA,MENA BARRETO,00103,      APT 103 BLC 1,BOTAFOGO,22271100,RJ,Rio de Janeiro","21-99617523","-","-","CONTATO@ATRIUMASSESSORES.COM.BR","1000.00","3","RJ","6001",-22.956568,-43.191505,"{}","22094323","NULL"
"175","22122929000126",1,"BUSINESS LAB CONTABILIDADE TRIBUTACAO E GESTAO EMPRESARIAL LTDA","BUSINESS LAB","2062",20150325,6920601,"AVENIDA,JULIO DE SA BIERRENBACH ALM,00065,      BLC 003 SAL 0309,JACAREPAGUA,22775028,RJ,Rio de Janeiro","21-32264705","-","-","CONTATO@BUSINESS-LAB.CO","60000.00","3","RJ","6001",-22.972752,-43.365913,"{6920602,7020400,8299799,8599604}","22122929","NULL"
"176","22270903000125",1,"RLID CONTABIL  LTDA","OTTIMO CONTABILIDADE","2062",20150416,6920601,"RUA,CONDE DE AZAMBUJA,00140,      APT 0605,MARIA DA GRACA,21050582,RJ,Rio de Janeiro","21-22330412","21-35977337","-","RLIDORIO@YAHOO.COM.BR","1000.00","3","RJ","6001",-22.881048,-43.259888,"{}","22270903","NULL"
"177","22477423000130",1,"MCS MARKUP AUDITORIA E CONSULTORIA EMPRESARIAL LTDA","MCS MARKUP AUDITORES E CONTADORES","2062",20150519,6920601,"RUA,SAO JOSE,00070,      SAL 1701,CENTRO,20010903,RJ,Rio de Janeiro","21-25331122","-","-","CONTATO@MCSMARKUP.COM.BR","50000.00","3","RJ","6001",-22.90571,-43.176186,"{6920602,7020400,8599604}","22477423","NULL"
"178","22738632000190",1,"EXIMIA OUTSOURCING","EXIMIA TAX","2232",20150626,6920601,"AVENIDA,JOAO CABRAL DE MELLO NETO,00850,      BLC 002 SAL 0616,BARRA DA TIJUCA,22775057,RJ,Rio de Janeiro","21-30300352","21-30300351","21-30300352","MARCOAMC@BR.INTER.NET","10000.00","3","RJ","6001",-22.989145,-43.35831,"{}","22738632","NULL"
"179","22852349000194",1,"SBX ASSESSORIA E CONSULTORIA CONTABIL LTDA","SBX","2062",20150714,6920601,"RUA,CAPITAO FELIX,00110,      PAV 2 LOJ 12 RUA 6        BLC L,BENFICA,20920310,RJ,Rio de Janeiro","21-30303663","-","-","JULICER@TERRA.COM.BR","20000.00","3","RJ","6001",-22.894566,-43.236717,"{6920602}","22852349","NULL"
"180","22980984000157",1,"CBM DE SOUZA ASSESSORIA CONTABIL",NA,"2135",20150728,6920601,"RUA,LAGOA GRANDE,317,CASA  2,ANIL,22755340,RJ,Rio de Janeiro","21-25162265","21-22632556","21-25162265","FONSECA@CARIOCADUANA.COM.BR","1000.00","5","RJ","6001",-22.959259,-43.33183,"{6204000,7020400}","22980984","NULL"
"181","23151379000136",1,"CONEXA - CONTABILIDADE EXATA","CONEXA - CONTABILIDADE EXATA","2232",20150824,6920601,"RUA,PADRE ELIAS GORAYEB,15,SALA  607,TIJUCA,20520140,RJ,Rio de Janeiro","21-98992206","21-97906670","21-25879479","MARCIAREGINACONT@YAHOO.COM.BR","10000.00","5","RJ","6001",-22.925829,-43.234173,"{6920602}","23151379","NULL"
"182","23167160000125",1,"RONALD C. DO NASCIMENTO SERVICOS DE CONTABILIDADE",NA,"2135",20150827,6920601,"RUA ANDRE JOAO ANTONIL 531 CASA  25                  APT   303 REALENGO 21765280","21-34625874","21-24015263","21-24015896","RONALDCONTABILIDADE@GMAIL.COM","900000.00","5","RJ","6001",-22.8892694643901,-43.4316978666718,"{}","23167160","NULL"
"183","24325370000167",1,"MRU CONTABILIDADE E TALENTOS HUMANOS LTDA","MRU TALENT PEOPLE","2062",20160304,6920601,"RUA,DA ASSEMBLEIA,77,      10 ANDAR PARTE,CENTRO,20011001,RJ,Rio de Janeiro","21-22347374","-","21-22347374","PARALEGAL@MRU.COM.BR","20000.00","5","RJ","6001",-22.905159,-43.176304,"{4619200,7020400,7810800,8599604}","24325370","NULL"
"184","24375474000186",1,"ATEM CONTABILIDADE EIRELI",NA,"2313",20160308,6920601,"AVENIDA,PRESIDENTE VARGAS,446,      GRP 1803,CENTRO,20071000,RJ,Rio de Janeiro","21-22535880","-","-","CONTMETA@CONTMETA.COM.BR","88000.00","3","RJ","6001",-22.901611,-43.180958,"{}","24375474","NULL"
"185","24497427000105",1,"MJR CONSULTORIA CONTABIL LTDA","MJR CONSULTORIA CONTABIL","2240",20160329,6920601,"AVENIDA,RIO BRANCO,135,      GRUPO 406,CENTRO,20040006,RJ,Rio de Janeiro","21-22249742","21-22247336","21-22249742","MRCLCTLD@YAHOO.COM.BR","15000.00","5","RJ","6001",-22.904629,-43.177795,"{}","24497427","NULL"
"186","24595051000252",2,"SLT CONTABILIDADE, CONSULTORIA FISCAL E TRIBUTARIA S/S",NA,"2232",20170824,6920601,"AVENIDA,DAS AMERICAS,03500,      BLOCO 4 SALA 218 219      E 220,BARRA DA TIJUCA,22640102,RJ,Rio de Janeiro","11-25006161","11-25006140","-","LEGALIZA@SLTCONSULT.COM.BR","88000.00","3","RJ","6001",-22.99943,-43.360775,"{}","24595051","NULL"
"187","24635064000127",1,"FRV OLIVEIRA & ARRUDA CONSULTORIA E ASSESSORIA CONTABIL",NA,"2232",20160418,6920601,"ESTRADA,DO MENDANHA,00789,      SAL 0326,CAMPO GRANDE,23087283,RJ,Rio de Janeiro","21-64253149","-","-","VIVIANE@FRVCONTABIL.COM.BR","3000.00","5","RJ","6001",-22.884367,-43.55687,"{6920602,7020400}","24635064","NULL"
"188","24873196000197",1,"GAVEN CONT ASSESSORIA CONTABIL E FISCAL LTDA","INDEKOLL","2062",20160512,6920601,"ESTRADA,RIO DO A,715,APT   201,CAMPO GRANDE,23080300,RJ,Rio de Janeiro","21-34068456","21-93410848","-","CONTATO@INDEKOLL.COM","10000.00","3","RJ","6001",-22.901424,-43.567097,"{8599604}","24873196","NULL"
"189","2510250000105",1,"COOPERATIVA DE LATICINIOS TEOFILO OTONI LTDA",NA,"2143",19980507,6920601,"RUA SENADOR DANTAS 71 SALA  701 CENTRO 20031202","21-22628643","21-21226286","21-22628643","REIS@REISCONSULTORIA.COM.BR","0.00","5","RJ","6001",-22.9100031509896,-43.1776341453055,"{6920602,7020400}","25102500","NULL"
"190","25189576000170",1,"A L S S FERNANDES SERVICOS DE CONSULTORIA EMPRESARIAL","LAFER CONSULTORIA EMPRESARIAL","2135",20160712,6920601,"RUA GENERAL AZEREDO 767       SALA 4 REALENGO 21765000","21-24176220","-","-","CONTATO@CONSULTORIALAFER.COM.BR","15000.00","3","RJ","6001",-22.8889677943332,-43.427008147787,"{5250804,7020400,7810800,8211300}","25189576","NULL"
"191","25197858000119",1,"4NEGOCIAL CONTABILIDADE E CONSULTORIA LTDA","SEVILHA CONTABILIDADE","2062",20160705,6920601,"RUA,PROFESSOR CASTILHO,431,SALA  426,CAMPO GRANDE,23045060,RJ,Rio de Janeiro","21-88851701","21-99309140","-","MARILTON.FONSECA@YAHOO.COM.BR","80000.00","3","RJ","6001",-22.908707,-43.56466,"{}","25197858","NULL"
"192","25230618000179",1,"HEPTA SERVICOS CONTABEIS LTDA",NA,"2240",20160704,6920601,"RUA,GRAO DE AREIA,191,APT   303,JARDIM GUANABARA,21941080,RJ,Rio de Janeiro","21-96260679","-","-","CONTATO@HEPTACONSULTORIA.COM.BR","10000.00","3","RJ","6001",-22.808954,-43.212738,"{}","25230618","NULL"
"193","25278988000186",1,"PX CONTABILIDADE E  PLANEJAMENTO TRIBUTARIO EIRELI","PX GRUPO ECONOMICO","2305",20160722,6920601,"AVENIDA,MARIA TERESA,75,SALA  602                       TORRE 01,CAMPO GRANDE,23050160,RJ,Rio de Janeiro","21-21431344","-","21-24371158","ADV.CLAUDIAPEIXOTO@GMAIL.COM","100000.00","3","RJ","6001",-22.903809,-43.566383,"{6920602}","25278988","NULL"
"194","25295275000120",1,"MARVEL ASSESSORIA EMPRESARIAL EIRELI","E C M","2305",20160718,6920601,"RUA,ACRE,47,      GRP E               SALA  0414 A 0416,CENTRO,20081000,RJ,Rio de Janeiro","21-22530847","-","-","MARVELMIR@UOL.COM.BR","90000.00","3","RJ","6001",-22.900581,-43.18209,"{8211300,6311900,7020400}","25295275","NULL"
"195","25529042000145",1,"MARCOS SIQUEIRA ESCRITORIO CONTABIL EIRELI","MV ASSESSORIA CONTABIL","2305",20160811,6920601,"ESTRADA,PAU-FERRO,480,BLOCO I                   SALA  606,PECHINCHA,22743051,RJ,Rio de Janeiro","21-25449035","21-31739035","21-25449035","MARCOSARAUJOSIQUEIRA@GMAIL.COM","88000.00","3","RJ","6001",-22.927534,-43.3444,"{}","25529042","NULL"
"196","2568827000121",1,"ELEICAO 2016 ADILSON MOVIO VEREADOR",NA,"4090",19980608,6920601,"RUA ALCANTARA MACHADO 36 SALA  710 CENTRO 20081010","21-22630621","21-22032979","21-22630621","secont.rio@gmail.com","0.00","5","RJ","6001",0,0,"{}","25688270","NULL"
"197","58101551000393",2,"ERNST & YOUNG SERVICOS DE TERCEIRIZACAO SC LTDA","ERNST & YOUNG","2240",19961007,6920601,"AVENIDA RIO BRANCO 128 17 ANDAR CENTRO 20090000","021-5507070","-","021-5509500","valdemar.p.martins@eyi.com.br","0.00","5","RJ","6001",-22.9051690510704,-43.1776562735299,"{}","58101551","NULL"
"198","7847572000150",1,"CONDOMINIO EDIFICIO FLAMBOYANT",NA,"3085",20060203,6920601,"AVENIDA PRESIDENTE VARGAS 00590       SAL 215 CENTRO 20071902","21-22328427","-","-","JOREAL@UOL.COM.BR","0.00","5","RJ","6001",-22.9017667168908,-43.1814267027526,"{8211300}","78475720","NULL"
"199","16777857000152",1,"HLB BRASIL PRYOR OUTSOURCING SERVICOS CONTABEIS LTDA",NA,"2240",20120824,6920601,"PRACA,SENADOR SALGADO FILHO,00001,      SALA ME 119,CENTRO,20021340,RJ,Rio de Janeiro","21-35299150","-","-","DALTON.LOCATELLI@HLB.COM.BR","100000.00","5","RJ","6001",-22.912115,-43.168137,"{}","16777857","True"
"200","22962398000180",1,"UNION GESTAO EM RH E ASSESSORIA CONTABIL LTDA","UNIGRHAC","2240",20150729,6920601,"RUA,ALVARO DE CARVALHO,104,,PAVUNA,21655040,RJ,Rio de Janeiro","21-30199097","21-64158524","21-31720662","MLSILVA.PINTA@GMAIL.COM","10000.00","5","RJ","6001",-22.815525,-43.375828,"{6920602,6311900,7020400,7319004,7490104}","22962398","NULL"
"201","31949851000109",1,"PROFIT CONSULTORIA E GESTAO CONTABIL LTDA",NA,"2062",20181106,6920601,"AVENIDA,ERASMO BRAGA,00277,      SAL 810,CENTRO,20020000,RJ,Rio de Janeiro","21-22834034","-","-","PROFIT@PROFITGESTAOCONTABIL.COM.BR","10000.00","3","RJ","6001",-22.905352,-43.174187,"{6621501,7020400,8211300,8219999,8299799}","31949851","NULL"
"202","32966009000148",1,"MONTEIRO RESENDE ASSESSORIA CONTABIL EIRELI","MR CONTABIL","2305",20190308,6920601,"AVENIDA,PASTOR MARTIN LUTHER KING JR.,00126,      BLC 9 SAL 718 TOR 2,DEL CASTILHO,20765971,RJ,Rio de Janeiro","21-99447610","-","-","ALEXPRODRIGUES2007@GMAIL.COM","99800.00","5","RJ","6001",-22.879036,-43.271828,"{}","32966009","NULL"
"203","33255970000278",2,"GRANT THORNTON SERVICOS CONTABEIS LTDA.",NA,"2240",20211104,6920601,"RUA,VOLUNTARIOS DA PATRIA,00089,      SAL 503 SAL 504,BOTAFOGO,22270000,RJ,Rio de Janeiro","21-35299150","-","-","FINANCEIRO.ATA@BR.GT.COM","250000.00","5","RJ","6001",-22.951551,-43.18466,"{}","33255970","NULL"
"204","1596560000113",1,"ELEICAO 2012 ABILIO RODRIGUES BARBOSA NETO VEREADOR",NA,"4090",19951027,6920601,"AVENIDA HENRIQUE VALADARES 35 SOBRELOJA 208 CENTRO 20231030","21-22423185","21-22423169","-","ATENDIMENTO@ALAD.COM.BR","0.00","5","RJ","6001",-22.9112122831092,-43.1861092389636,"{}","15965600","NULL"
"205","14886377000102",1,"CONTABILIMED - SERVICOS CONTABEIS PARA MEDICOS LTDA","CONTABILIMED","2240",20101028,6920601,"RUA,MAIRINK VEIGA,00004,      E 4A SALA 1301,CENTRO,20090050,RJ,Rio de Janeiro","21-35505100","-","-","CONTABILIDADE@CONTABILIMED.COM","5000.00","5","RJ","6001",-22.89864,-43.18015,"{}","14886377","NULL"
"206","24757233000100",1,"FC SOLUCOES CONTABEIS - EIRELI",NA,"2313",20160504,6920601,"AVENIDA,EMBAIXADOR ABELARDO BUENO,3000,APT   602                 BLOCO 1,BARRA DA TIJUCA,22775040,RJ,Rio de Janeiro","21-25560959","21-22051044","21-22051044","FFLAVIACOUTINHO@YAHOO.COM.BR","88000.00","5","RJ","6001",-22.97296,-43.392143,"{}","24757233","NULL"
"207","23644138000129",1,"MLR ASSESSORIA CONTABIL EIRELI",NA,"2305",20151110,6920601,"AVENIDA JOSE LUIZ FERRAZ 610 BLOCO 1                   APT   1209 RECREIO DOS BANDEIRANTES 22790587","21-81167969","-","-","HIR.MARCELO@GMAIL.COM","78800.00","3","RJ","6001",-23.0230160790872,-43.4885238856541,"{}","23644138","NULL"
"208","21659467000118",1,"VERTENTE ASSESSORIA CONTABIL E FISCAL LTDA.","VERTENTE ASSESSORES DE EMPRESAS","2240",20150109,6920601,"RUA,PONTES CORREA,00027,      APT 201,ANDARAI,20541142,RJ,Rio de Janeiro","21-96329933","-","21-22325953","AUGUSTO.ROCHA.17@GMAIL.COM","20000.00","3","RJ","6001",-22.9227,-43.245728,"{}","21659467","NULL"
"209","42264922000156",1,"MELLO & BARBOSA CONSULTORIA CONTABIL LTDA",NA,"2062",20210609,6920601,"RUA FILODENDRO 00133       LOT 15 PAL 38458          QDR 5 ANIL 22750650","21-34175947","-","-","LEILALBM63@GMAIL.COM","2000.00","3","RJ","6001",0,0,"{6204000}","42264922","NULL"
"210","20545748000187",1,"INFIS ASSESSORIA CONTABIL LTDA","INFIS TAILORED ACCOUTING","2062",20140702,6920601,"RUA,TEOFILO OTONI,82,SALA  1601,CENTRO,20090070,RJ,Rio de Janeiro","21-99790159","-","-","ABARROS@INFISCONSULTORIA.COM.BR","80000.00","5","RJ","6001",-22.90005,-43.178467,"{}","20545748","NULL"
"211","73562340000180",1,"LUMAR ASSESSORIA CONTABIL",NA,"2232",19931020,6920601,"RUA,CONSELHEIRO SARAIVA,28,6? ANDAR,CENTRO,20091030,RJ,Rio de Janeiro","21-25181833","21-22132707","-","LUMAR@LUMARCONTABIL.COM.BR","20000.00","3","RJ","6001",-22.898537,-43.17868,"{}","73562340","NULL"
"212","23844033000113",1,"SKV CURTY ASSESSORIA E CONSULTORIA CONTABIL EIRELI","CURTY ASSESSORIA E CONSULTORIA CONTABIL","2305",20151214,6920601,"RUA BARAO DE ITAMBI 28       APTO 0202 BOTAFOGO 22231000","21-82319766","-","-","CURTY@CONTADOREXPERT.COM.BR","78800.00","3","RJ","6001",-22.9405680113683,-43.1800884579606,"{6920602,7020400}","23844033","NULL"
"213","24017841000170",1,"GAMA ASSESSORIA CONTABIL EIRELI",NA,"2313",20160115,6920601,"RUA,VICE-GOVERNADOR RUBENS BERARDO,175,BLOCO 2 APT 202,GAVEA,22451070,RJ,Rio de Janeiro","21-32569331","21-32514545","21-25926733","LEGALIZA@ACTIVA.SRV.BR","90000.00","3","RJ","6001",-22.978031,-43.229855,"{}","24017841","NULL"
"214","1175335000103",1,"CLAUDINEI FERREIRA DA SILVA","RS RESULT","2135",19960416,6920601,"RUA CONDE DE BONFIM 1349 APT   1001 BLOCO 1 TIJUCA 20530001","21-21350394","21-99992906","21-22637280","PATROCINIO@RSRESULT.COM.BR","40000.00","3","RJ","6001",-22.9464610488774,-43.2556501348608,"{}","11753350","NULL"
"215","10910179000178",1,"SANVALER SERVICOS CONTABEIS LTDA",NA,"2240",20090504,6920601,"RUA,CAPITAO JESUS,109,APT   706,CACHAMBI,20775140,RJ,Rio de Janeiro","21-25947822","21-91465129","-","sanvalerservcontabeis@gmail.com","6000.00","5","RJ","6001",-22.893194,-43.27643,"{}","10910179","NULL"
"216","13889587000183",1,"SEED ACC CONSULTORIA CONTABIL E TRIBUTARIA LTDA.","SEED ACC","2240",20110620,6920601,"AVENIDA,RIO BRANCO,00245,      SAL 2501 SAL 2502         SAL 2503 SAL 2504         SAL 2505 SAL 2506         SAL 2507 SAL 2508         SAL 2509,CENTRO,20040917,RJ,Rio de Janeiro","21-31990013","-","-","IRINEU.SANTOS@SEEDACC.COM.BR","10000.00","5","RJ","6001",-22.910923,-43.175434,"{}","13889587","NULL"
"217","14227816000167",1,"R V TANARO SERVICOS CONTABEIS",NA,"2135",20110901,6920601,"RUA,CASTRO ALVES,57,APT 502,MEIER,20775040,RJ,Rio de Janeiro","21-64212453","-","-","ROBSON@TANAROS.COM.BR","100.00","3","RJ","6001",-22.899628,-43.276024,"{}","14227816","NULL"
"218","14426918000101",1,"JM LARA CONTABILIDADE LTDA","LARA CONTABILIDADE","2240",20110830,6920601,"RUA,AUGUSTO DE VASCONCELOS,163,APT   401                       RA 18,CAMPO GRANDE,23050340,RJ,Rio de Janeiro","21-33940065","21-24159579","21-24159579","laramarcio@superig.com.br","10000.00","3","RJ","6001",-22.903887,-43.560997,"{}","14426918","NULL"
"219","18516941000148",1,"BR OUTSOURCING SERVICOS CONTABEIS LTDA","BR OUTSOURCING","2240",20130702,6920601,"RUA,PINTO DE CAMPOS,163,LOTE  13 DO PA 19957,OSWALDO CRUZ,21550270,RJ,Rio de Janeiro","21-24898364","21-86358656","-","cvieiraes@gmail.com","1200.00","5","RJ","6001",-22.863148,-43.35375,"{}","18516941","NULL"
"220","13814902000103",1,"DIRECTION - GESTAO E CONSULTORIA CONTABIL E EMPRESARIAL LTDA",NA,"2062",20110615,6920601,"AVENIDA,PRESIDENTE ANTONIO CARLOS,615,SALA  904                 SALA  905,CENTRO,20020010,RJ,Rio de Janeiro","21-35531434","-","-","LGONCALVES@DIRECTIONGC.COM.BR","1000.00","5","RJ","6001",-22.91036,-43.171642,"{6920602,7020400}","13814902","NULL"
"221","17531102000136",1,"PROSPERE FINANCAS LTDA",NA,"2062",20130204,6920601,"RUA,COLINA,00060,      SAL 202,JARDIM GUANABARA,21931380,RJ,Rio de Janeiro","21-37386176","-","-","CONTATO@PROSPEREFINANCAS.COM.BR","5000.00","5","RJ","6001",-22.805342,-43.206577,"{8599604}","17531102","NULL"
"222","11602571000112",1,"META,ASSESSORIA E PLANEJAMENTO TRIBUTARIO - SOCIEDADE UNIPESSOAL LIMITADA","META CONTABILIDADE","2240",20100218,6920601,"AVENIDA,GEREMARIO DANTAS,832,SALA  211,PECHINCHA,22743010,RJ,Rio de Janeiro","21-24254003","21-24250093","21-24254003","metaauditoria@metaauditoria.com.br","1000.00","5","RJ","6001",-22.940199,-43.343582,"{}","11602571","NULL"
"223","11310590000175",1,"BRASIL WM SERVICOS DE CONTABILIDADE LTDA",NA,"2062",20091029,6920601,"AVENIDA,ATAULFO DE PAIVA,1251,SALA: 707 ,LEBLON,22440034,RJ,Rio de Janeiro","21-22272191","-","21-22272191","ANDRE.SILVA@BRASILWM.COM.BR","1000.00","5","RJ","6001",-22.985273,-43.226173,"{}","11310590","NULL"
"224","66661794000304",2,"PLUMAS ASSESSORIA CONTABIL EIRELI",NA,"2313",20191121,6920601,"RUA,GILDASIO AMADO,00055,      SAL 606 SAL 607,BARRA DA TIJUCA,22631020,RJ,Rio de Janeiro","11-20239999","-","-","PLUMAS@PLUMASCONTABIL.COM.BR","550000.00","5","RJ","6001",-23.003027,-43.32652,"{}","66661794","NULL"
"225","21602059000120",1,"AL ALMEIDA CONSULTORIA EMPRESARIAL CONTABIL EIRELI",NA,"2313",20141219,6920601,"RUA DO OUVIDOR 121 SALA: 2801  CENTRO 20040031","21-30948265","-","-","LEGAIS@SOMAT.COM.BR","72400.00","5","RJ","6001",-22.9038136028334,-43.1783671799873,"{}","21602059","NULL"
"226","24690942000107",1,"GPPAIVA SERVICOS CONTABEIS EIRELI",NA,"2313",20160428,6920601,"AVENIDA,EVANDRO LINS E SILVA,840,SALA  1607,BARRA DA TIJUCA,22631470,RJ,Rio de Janeiro","21-21358613","21-21355487","-","CPPAIVA@GMAIL.COM","88000.00","5","RJ","6001",-23.003704,-43.32536,"{8211300}","24690942","NULL"
"227","41757750000190",1,"MVM CONSULTORIA TECNICA CONTABIL & TRIBUTARIA LTDA",NA,"2240",20210429,6920601,"AVENIDA,EVANDRO LINS E SILVA,00840,      SAL 301,BARRA DA TIJUCA,22631470,RJ,Rio de Janeiro","21-21782177","-","-","CONTATO@MVMCONTABILIDADE.COM.BR","30000.00","5","RJ","6001",-23.003704,-43.32536,"{6920602}","41757750","NULL"
"228","30556059000202",2,"AKAICON CONSULTORIA E CONTABILIDADE GERENCIAL LTDA",NA,"2062",20200803,6920601,"AVENIDA,DAS AMERICAS,01155,      SAL 713,BARRA DA TIJUCA,22631903,RJ,Rio de Janeiro","21-73538451","-","-","CONTATO@AKAICON.COM.BR","100000.00","3","RJ","6001",-23.003038,-43.32554,"{6920602,8211300}","30556059","NULL"
"229","10681412000198",1,"FPCONTADORES CONTABILIDADE",NA,"2232",20090216,6920601,"RUA,HONORIO PIMENTEL,337,,VILA DA PENHA,21220440,RJ,Rio de Janeiro","21-30132920","21-30132920","21-24818066","CONTATO@FPCONTADORESRJ.COM.BR","5000.00","3","RJ","6001",-22.841223,-43.313908,"{}","10681412","NULL"
"230","12662322000185",1,"RCC RESULTADO CONSULTORIA CONTABIL EIRELI",NA,"2313",20100929,6920601,"AVENIDA,DAS AMERICAS,03434,      BLC 4 SAL 313,BARRA DA TIJUCA,22640102,RJ,Rio de Janeiro","21-22101069","-","21-22159666","CONTABIL@RESULTADOCONSULTORIA.COM.BR","110000.00","3","RJ","6001",-22.99943,-43.360775,"{}","12662322","NULL"
"231","12802188000170",1,"CONFIANCA & SANTOS SERVICOS LTDA",NA,"2062",20101103,6920601,"RUA VISCONDE DE INHAUMA 134 SALA  SALA 1716 E 1717 CENTRO 20091007","21-93471614","-","-","GILMAR_DOS@HOTMAIL.COM","10000.00","5","RJ","6001",-22.9002006330718,-43.1806174257603,"{8299799}","12802188","NULL"
"232","13528456000170",1,"ERTHAL CONTABILIDADE LTDA",NA,"2062",20110413,6920601,"RUA,SA VIANA,210,,GRAJAU,20540260,RJ,Rio de Janeiro","21-22883960","21-22687544","21-22883960","alberto.erthal@terra.com.br","10000.00","3","RJ","6001",-22.926077,-43.259678,"{}","13528456","NULL"
"233","12141432000100",1,"ESCRITORIO CONTABIL CIDADANIA LTDA","JC FERREIRA CONTABILIDADE","2240",20100622,6920601,"RUA,GENERAL GUSTAVO CORDEIRO DE FARIAS,542,,BENFICA,20910220,RJ,Rio de Janeiro","21-25804626","21-38786331","-","jcfcontabil@ig.com.br","30000.00","5","RJ","6001",-22.895206,-43.24214,"{}","12141432","NULL"
"234","16103142000114",1,"SERVOFFICE ASSESSORIA CONTABIL LTDA","SERVOFFICE SOLUCOES CONTABEIS","2240",20120704,6920601,"ESTRADA GENERAL CANROBERT DA COSTA 00467       SAL 203 REALENGO 21710400","21-99780449","-","21-25839240","paulochonorio@bol.com.br","6000.00","5","RJ","6001",-22.8757796930291,-43.4203979454671,"{6920602}","16103142","NULL"
"235","17516861000120",1,"J.FELIX ASSESSORIA CONTABIL   EIRELI",NA,"2313",20130131,6920601,"RUA,URUGUAIANA,39,      SALA 1401,CENTRO,20050093,RJ,Rio de Janeiro","21-25070944","21-22321597","21-38522625","jfelixassessoriacontabil@gmail.com","67800.00","5","RJ","6001",-22.904993,-43.179604,"{}","17516861","NULL"
"236","22083947000146",1,"TARGINO LUSTOSA ASSESSORIA CONTABIL E TRIBUTARIA","TARGINO LUSTOSA ASSESSORIA CONTABIL E TRIBUTARIA","2232",20150318,6920601,"AVENIDA,TREZE DE MAIO 47,47,SALA: 1505 PARTE ,CENTRO,20031921,RJ,Rio de Janeiro","21-22207734","21-22201281","-","TLUSTOSA@OI.COM.BR","5000.00","5","RJ","6001",-22.908497,-43.17758,"{}","22083947","NULL"
"237","25165351000183",1,"FR CONTABILIDADE, PLANEJAMENTO E GESTAO FINANCEIRA EIRELI","FRATEM","2305",20160630,6920601,"AVENIDA,DAS AMERICAS,00500,      BLC 13 SAL 217,BARRA DA TIJUCA,22640904,RJ,Rio de Janeiro","21-30887773","-","-","RAFAEL@FRATEM.COM","88000.00","3","RJ","6001",-23.004581,-43.319897,"{9001999,5911199,8211300,7020400,6920602}","25165351","NULL"
"238","43307598000179",1,"HH CONTABILIDADE E SERVICOS TECNICOS ADMINISTRATIVOS LTDA","HH CONTABILIDADE","2062",20210827,6920601,"RUA,ASSUNCAO,00112,      APT 504 BLC 2,BOTAFOGO,22251030,RJ,Rio de Janeiro","21-51006561","-","-","ASSESSORIA.HH@GMAIL.COM","1000.00","3","RJ","6001",-22.944721,-43.18667,"{7020400,7490199}","43307598","NULL"
"239","10990933000127",1,"OMEGA CONTABILIDADE LTDA",NA,"2240",20090626,6920601,"RUA,BARCELOS DOMINGOS,32,SALA  908,CAMPO GRANDE,23080020,RJ,Rio de Janeiro","21-33148966","-","21-33148966","JCMCONT@HOTMAIL.COM","7000.00","5","RJ","6001",-22.899061,-43.55891,"{}","10990933","NULL"
"240","13742215000120",1,"M&A CONSULTORIA CONTABIL LTDA","M&A CONSULTORIA OU M&A","2240",20110527,6920601,"AVENIDA,PRESIDENTE VARGAS,583,SALA: 402  SALA: 403 ,CENTRO,20071003,RJ,Rio de Janeiro","21-22213747","21-22211566","21-22211566","MEACONSULTORIA@GMAIL.COM","62200.00","5","RJ","6001",-22.90211,-43.1808,"{}","13742215","NULL"
"241","16678206000105",1,"IC CONTADORES ASSOCIADOS EIRELI",NA,"2313",20120809,6920601,"AVENIDA,TENENTE CORONEL MUNIZ DE ARAGAO,149,CASA  PARTE,ANIL,22765003,RJ,Rio de Janeiro","21-31811932","-","-","CONTABILIDADE@IVAN-COSTA.COM.BR","65000.00","5","RJ","6001",-22.949005,-43.34086,"{}","16678206","NULL"
"242","17907115000167",1,"AMC CONTABILIDADE LTDA",NA,"2062",20130205,6920601,"RUA CACU 150       RUA B               CASA  195                 APT   201 TAQUARA 22710074","21-33424635","21-24270815","-","amc_contabil@hotmail.com","5000.00","5","RJ","6001",-22.9317904767341,-43.3716075607257,"{}","17907115","NULL"
"243","41416053000175",1,"MFV SERVICOS E CONSULTORIA CONTABIL S/S","MFV CONTABILIDADE","2232",20210331,6920601,"RUA,CAPITAO VERDIER,00291,,BANGU,21862180,RJ,Rio de Janeiro","21-64792613","21-64048582","-","FELIPPE.BATALHA@MFVCONTABILIDADE.COM","10000.00","3","RJ","6001",-22.869278,-43.46437,"{}","41416053","NULL"
"244","41571690000116",1,"DSM CONSULTORES & AUDITORES INDEPENDENTES LTDA.","DSM AUDITORIA & CONSULTORIA","2062",20210414,6920601,"AVENIDA,TREZE DE MAIO,00023,      GRP 10 PAV 18,CENTRO,20031902,RJ,Rio de Janeiro","21-97902327","-","-","DSM.AUDITORESINDEPENDENTES@GMAIL.COM","3500.00","3","RJ","6001",-22.908983,-43.177143,"{6920602,7020400,8599604}","41571690","NULL"
"245","16737622000137",1,"A LOUREDO CONTABILIDADE - EIRELI",NA,"2313",20120817,6920601,"RUA,DO OUVIDOR,130,SALA  1007,CENTRO,20040030,RJ,Rio de Janeiro","21-25063200","-","-","ALOUREDO@TERRA.COM.BR","100000.00","5","RJ","6001",-22.903332,-43.17763,"{}","16737622","NULL"
"246","17887937000123",1,"E S MOREIRA CONTABILIDADE EIRELI","FAST ACCOUNT ASSESSORIA CONTABIL","2313",20130405,6920601,"RUA,BORACEIA,158,,PACIENCIA,23585420,RJ,Rio de Janeiro","21-31554872","21-85744633","21-33145783","ELIASMOREIRA@OI.COM.BR","67800.00","5","RJ","6001",-22.92911,-43.640438,"{6920602}","17887937","NULL"
"247","19306699000140",1,"TROPA CONTABIL EIRELI","TC SOLUCOES INTEGRADAS","2305",20131023,6920601,"RUA,VOLUNTARIOS DA PATRIA,248,APT   307,BOTAFOGO,22270014,RJ,Rio de Janeiro","21-81586440","-","-","JOHNSON2910@GMAIL.COM","90000.00","3","RJ","6001",-22.95344,-43.1903,"{8291100,7490104,6911701}","19306699","NULL"
"248","10939406000198",1,"FRAMAR PATRIMONIAL LTDA",NA,"2240",20090601,6920601,"RUA,SETE DE SETEMBRO,00071,      SAL 1501,CENTRO,20050005,RJ,Rio de Janeiro","21-88223018","-","21-22243339","MARCIA.FRAZAO@FRAMARPATRIMONIAL.COM.BR","10000.00","5","RJ","6001",-22.904737,-43.177235,"{6821801,6822600,8299799}","10939406","NULL"
"249","12335335000140",1,"J.D. SERVICOS CONTABEIS RIO LTDA",NA,"2240",20100727,6920601,"AVENIDA,FRANKLIN ROOSEVELT,00084,      7 ANDAR,CENTRO,20021120,RJ,Rio de Janeiro","21-39162900","-","-","PBARRETO@JADE-ASSOCIATES.COM.BR","1000.00","3","RJ","6001",-22.909353,-43.17056,"{}","12335335","NULL"
"250","12796032000124",1,"EFFICACE CONTABILIDADE LTDA",NA,"2240",20101011,6920601,"RUA, MASSENET,397,,MARECHAL HERMES,21557000,RJ,Rio de Janeiro","21-38302735","-","-","efficace.contabil@yahoo.com.br","2000.00","5","RJ","6001",-22.853937,-43.37685,"{}","12796032","NULL"
"251","12818912000154",1,"AMORIM & VIEIRA SERVICOS CONTABEIS LTDA",NA,"2240",20101020,6920601,"AVENIDA,PRESIDENTE VARGAS,00509,      PAV 3,CENTRO,20071003,RJ,Rio de Janeiro","21-25098658","21-25098652","21-22427212","DAIANA@LBAI.COM.BR","6000.00","5","RJ","6001",-22.90211,-43.1808,"{8211300}","12818912","NULL"
"252","13282321000178",1,"DINAMICA CONTABILIDADE EMPRESARIAL",NA,"2232",20110216,6920601,"RUA,DAS MARRECAS,40,SALA  612,CENTRO,20031120,RJ,Rio de Janeiro","21-22207303","21-25523622","21-25320465","JCBRAGAFILHO@TERRA.COM.BR","5000.00","5","RJ","6001",-22.911846,-43.178463,"{}","13282321","NULL"
"253","2017023000134",1,"BLU EMPREENDIMENTOS EIRELI","GEMINUS","2305",19970729,6920601,"RUA BARAO 758 APTO 101 JACAREPAGUA 21321620","0021-04641609","-","-","EDVALDOB@RURALRJ.COM.BR","150000.00","5","RJ","6001",-22.8990707,-43.351109,"{}","20170230","NULL"
"254","1011858000114",1,"ELEICAO 2008 COMITE FINANCEIRO MUNICIPAL UNICO AM PT",NA,"3999",19951226,6920601,"AVENIDA VICENTE DE CARVALHO 909       SALA 1129 VICENTE DE CARVALHO 21210623","21-91292320","21-35639021","21-35639021","CIENCIACONTABIL@VELOXMAIL.COM.BR","0.00","5","RJ","6001",-22.8503937805923,-43.3091556985911,"{}","10118580","NULL"
"255","12844994000101",1,"C. PARANHOS CONTABILIDADE, ADMINISTRACAO E ASSESSORIA","C. PARANHOS","2232",20101014,6920601,"AVENIDA,PASSOS,101,SALA  1204 E 1506,CENTRO,20051040,RJ,Rio de Janeiro","21-22835340","21-99580399","21-22835340","celioparanhos@yahoo.com.br","2000.00","5","RJ","6001",-22.90216,-43.18432,"{6920602}","12844994","NULL"
"256","15674356000188",1,"SOLLAR SERVICOS CONTABEIS - EIRELI","SOLLAR IMOVEIS","2305",20120605,6920601,"RUA ANDRE JOAO ANTONIL 531       VILA                CASA  25 REALENGO 21765280","21-34625874","21-34525874","21-34625874","SOLLARIMOVEIS2012@GMAIL.COM","600000.00","5","RJ","6001",-22.8892694643901,-43.4316978666718,"{}","15674356","NULL"
"257","17062007000130",1,"LEONI SERVICOS DE CONTABILIDADE LTDA",NA,"2062",20121024,6920601,"RUA,SOUZA FRANCO,852,APT   203 PARTE,VILA ISABEL,20551120,RJ,Rio de Janeiro","21-30223141","21-22231559","21-22231559","SEUFRAVIO@HOTMAIL.COM","1000.00","5","RJ","6001",-22.915014,-43.246067,"{}","17062007","NULL"
"258","10604274000143",1,"QUALITA CONSULTORIA CONTABIL LTDA","QUALITA CONSULTORIA","2240",20090121,6920601,"RUA,DO OUVIDOR,00097,      SBL 202,CENTRO,20040031,RJ,Rio de Janeiro","21-31723930","21-31723925","21-22101479","CONTATO@QUALITACONSULTORIA.COM.BR","50000.00","3","RJ","6001",-22.903814,-43.178368,"{6822600,6920602,7020400,8211300}","10604274","NULL"
"259","11428525000149",1,"V L M GUERREIRO CONTABILIDADE & AUDITORIA",NA,"2135",20091229,6920601,"RUA ANTONIO CORDEIRO 126 BLOCO I                   APT   204 JACAREPAGUA 22750310","21-31361327","21-31160279","-","VLGUERREIRO@OI.COM.BR","2000.00","3","RJ","6001",-22.9414526297536,-43.3382574184027,"{}","11428525","NULL"
"260","16915325000134",1,"C P CANDELA E PIMENTEL CONTABILIDADE EIRELI","C P CONTABILIDADE","2305",20120827,6920601,"AVENIDA,RIO BRANCO,156,SALA  2829,CENTRO,20040901,RJ,Rio de Janeiro","21-22200033","-","21-22200033","vcandela@bol.com.br","100000.00","5","RJ","6001",-22.90659,-43.17714,"{6920602}","16915325","NULL"
"261","19462686000160",1,"PBRV CONTABILIDADE EMPRESARIAL LTDA","PBRAVO","2062",20131230,6920601,"AVENIDA,PRESIDENTE WILSON,00231,      SAL 902,CENTRO,20030905,RJ,Rio de Janeiro","21-73739000","24-22217810","-","CONTATO@PBRAVO.COM.BR","70000.00","3","RJ","6001",-22.910479,-43.17264,"{}","19462686","NULL"
"262","19031303000108",1,"PRO SERVICE RIO ORGANIZACAO CONTABIL LTDA",NA,"2240",20131007,6920601,"RUA,ENGENHEIRO ENALDO CRAVO PEIXOTO,00215,      SAL 0908 SAL 0909         SAL 0910,TIJUCA,20540106,RJ,Rio de Janeiro","21-25691268","21-25655596","-","CONTABILIDADE@PROSERVICERIO.COM.BR","50000.00","5","RJ","6001",-22.922474,-43.23476,"{}","19031303","NULL"
"263","17231592000155",1,"BPS4 ASSESSORIA CONTABIL LTDA","BPS4 OUTSOURCING","2062",20121127,6920601,"RUA,DO PASSEIO,00070,      PAV 11 SALA 01,CENTRO,20021290,RJ,Rio de Janeiro","21-35532229","-","21-32911063","BERNARDO@BPS4.COM.BR","10000.00","5","RJ","6001",-22.913044,-43.177322,"{7020400}","17231592","NULL"
"264","1474856000161",1,"LUZIA F DOS SANTOS SILVA",NA,"2135",19960930,6920601,"ESTRADA DOS TRES RIOS 00958       SALAS 411 412 413 FREGUESIA (JACAREPAGUA) 22745005","21-22154234","21-22155247","21-25326742","LOGUSNET@UOL.COM.BR","0.00","5","RJ","6001",-22.9368972369432,-43.3349841188306,"{}","14748560","NULL"
"265","11708699000165",1,"GOMES MARCENES ASSESSORIA CONTABIL LTDA.","GM ASSESSORIA","2240",20100315,6920601,"RUA,CARDOSO DE MORAIS,00150,      SAL 405,BONSUCESSO,21032000,RJ,Rio de Janeiro","21-22901147","21-79784334","21-22901147","GMASSESSORIA@MLS.COM.BR","3000.00","5","RJ","6001",-22.863062,-43.25394,"{}","11708699","NULL"
"266","13006020000111",1,"MRF ASSESSORIA CONTABIL E TRIBUTARIA LTDA",NA,"2240",20101110,6920601,"RUA PATAGONIA 16 APT   805                 BLOCO 2 PENHA 21020320","21-26205290","21-22218748","21-22218748","leonardo@tendenciacontabil.com.br","1000.00","5","RJ","6001",-22.8397435334697,-43.2766234276362,"{}","13006020","NULL"
"267","9349722000120",1,"COMERCIO DE CONFECCOES GOT LTDA","CONTHABIL E/OU INFOCONTH","2062",20080128,6920601,"RUA SETE DE SETEMBRO 88       SALAS 1101 E 1103 CENTRO 20050002","21-22221059","-","-","CONTHABIL@VELOXMAIL.COM.BR","0.00","5","RJ","6001",-22.905173965578,-43.1780440700848,"{6920602}","93497220","NULL"
"268","17261370000185",1,"MGF OUTSOURCING DO BRASIL LTDA.","MGF OUTSOURCING DO BRASIL LTDA.","2240",20121204,6920601,"RUA,DA ASSEMBLEIA,10,SALA  2622 - PARTE,CENTRO,20011901,RJ,Rio de Janeiro","21-22246986","-","-","justo@mgfgroup.com.br","1000.00","3","RJ","6001",-22.904358,-43.175095,"{}","17261370","NULL"
"269","24626037000198",1,"TRUE CPA ASSESSORIA CONTABIL S/S LTDA","TRUE CPA GROUP","2240",20160415,6920601,"RUA,DO RUSSEL,00804,      SALA 437 AND 4,GLORIA,22210907,RJ,Rio de Janeiro","21-25330467","21-34969932","-","DELBSON.GARCIA@TRUECPAGROUP.COM","50000.00","5","RJ","6001",-22.92453,-43.17289,"{}","24626037","NULL"
"270","18418057000170",1,"WMC ASSESSORIA E CONSULTORIA EMPRESARIAL INTERNACIONAL EIRELI","WMC & SEMEAO ASSESSORIA CONTABIL E EMPRESARIAL","2305",20130703,6920601,"AVENIDA BRAZ DE PINA 854 SALA 504 VILA DA PENHA 21210672","21-35922967","21-98559123","-","ADM.WMC@SEMEAOASSESSORIA.COM.BR","100000.00","3","RJ","6001",-22.838732402995,-43.2951773572047,"{}","18418057","NULL"
"271","15644002000190",1,"LYRIO ESCRITORIO DE CONTABILIDADE LTDA","ESCRITORIO LYRIO","2240",20120530,6920601,"RUA,BULHOES MARCIAL,163,SALA  201 E 202,CORDOVIL,21250371,RJ,Rio de Janeiro","21-33511905","21-34595118","21-33916754","GLYRIO@UOL.COM.BR","30000.00","3","RJ","6001",-22.822346,-43.297356,"{}","15644002","NULL"
"272","21809336000170",1,"LAMENZA CONSULTORES CONTABEIS E AUDITORES LTDA",NA,"2240",20150202,6920601,"AVENIDA,NILO PECANHA,00050,      GRP 3107,CENTRO,20020906,RJ,Rio de Janeiro","21-25244478","-","21-25052800","LAMENZA@LAMENZACONTABIL.COM.BR","2000.00","5","RJ","6001",-22.906351,-43.17769,"{}","21809336","NULL"
"273","1740177000197",1,"FRAMEHOUSE EMPREENDIMENTOS IMOBILIARIOS LTDA",NA,"2062",19970130,6920601,"RUA MARIZ E BARROS 663  MARACANA 20270004","21-25675381","-","21-25675381","SOMMADM@GLOBO.COM","400000.00","5","RJ","6001",-22.9151490868774,-43.2204558373536,"{}","17401770","NULL"
"274","2547924000138",1,"ELEICAO 2016 TERESA CRISTINA ROZA PEREIRA MONTEIRO VEREADOR",NA,"4090",19980525,6920601,"AVENIDA PRESIDENTE VARGAS 583 SALA  605 CENTRO 20071003","21-31260610","-","21-25162203","EUGENIO_NETO@RIANELLIASSOCIADOS.COM.BR","0.00","5","RJ","6001",-22.9021094907092,-43.1808024605863,"{}","25479240","NULL"
"275","1074774000120",1,"LUBRI&FILTRA REI DO OLEO - COMERCIO DE LUBRIFICANTES EIRELI",NA,"2305",19960216,6920601,"ESTRADA DA AGUA GRANDE 00635       SAL 203 IRAJA 21230362","21-30137428","-","21-30137428","SATIERF.CONTABIL@GMAIL.COM","95400.00","3","RJ","6001",-22.8278985833863,-43.3203296858157,"{8219901,8219999}","10747740","NULL"
"276","10415765000146",1,"CONDUX CONTABILIDADE LTDA","CONDUX CONSULTORIA EMPRESARIAL LTDA","2240",20080923,6920601,"RUA,REPUBLICA DO LIBANO,61,      GRUPO 1.102,CENTRO,20061030,RJ,Rio de Janeiro","21-32034348","-","21-32034348","CONDUX@CONDUX.COM.BR","5000.00","3","RJ","6001",-22.906166,-43.186127,"{}","10415765","NULL"
"277","14037796000161",1,"SOLVER ASSESSORIA CONTABIL LTDA",NA,"2240",20110704,6920601,"RUA MARIA AMALIA 79 APT   502 TIJUCA 20510130","21-30949200","-","21-30949212","acrossrj@acrossrj.com.br","1000.00","5","RJ","6001",-22.9275975220727,-43.2407295,"{}","14037796","NULL"
"278","11497416000183",1,"UA3L CONTABILIDADE E CONSULTORIA FISCAL LTDA","AUSTERA CONTABILIDADE","2240",20100121,6920601,"RUA,ALCINDO GUANABARA,00024,      SALA 121O,CENTRO,20031915,RJ,Rio de Janeiro","21-22407682","21-22407696","21-22407696","AUSTERACONTABILIDADE@GMAIL.COM","100000.00","5","RJ","6001",-22.910479,-43.176865,"{}","11497416","NULL"
"279","22865068000176",1,"RIMMOREIRA SMARTAX ASSESSORIA CONTABIL EIRELI","SMARTAX BUSINESS SERVICES","2305",20150716,6920601,"RUA ALMIRANTE ARY RONGEL 121 APT   302 RECREIO DOS BANDEIRANTES 22790430","21-99790159","-","-","RODRIGO.AMORIM@IBBCA.COM","90000.00","5","RJ","6001",0,0,"{}","22865068","NULL"
"280","23047379000190",1,"HEBROM SERVICOS DE DIGITACAO EIRELI","EBENEZER","2305",20150811,6920601,"AVENIDA,DOM HELDER CAMARA,7287,APT   209,ABOLICAO,20751000,RJ,Rio de Janeiro","21-21430605","-","-","ROBERTOFRAGA@EBENEZERCONTABIL.COM.BR","78800.00","3","RJ","6001",-22.883821,-43.29707,"{8219999,8211300}","23047379","NULL"
"281","17578376000180",1,"LAZ ASSESSORIA CONTABIL E TRIBUTARIA SOCIEDADE SIMPLES","LAZ ASSESSORIA CONTABIL","2232",20130214,6920601,"RUA,ANFILOFIO DE CARVALHO,00029,      SAL 1407,CENTRO,20030901,RJ,Rio de Janeiro","21-25247293","21-25246144","21-25244722","CONTATO@LAZASSESSORIA.COM.BR","10000.00","5","RJ","6001",-22.90829,-43.174126,"{}","17578376","NULL"
"282","24447721000102",1,"FB CONTADORES ASSOCIADOS S/S",NA,"2232",20160321,6920601,"RUA,DOM GERARDO,00063,      SAL 1802,CENTRO,20090030,RJ,Rio de Janeiro","21-22638733","-","-","FREDBAHIAR@YAHOO.COM.BR","1000.00","5","RJ","6001",-22.897995,-43.17977,"{6920602}","24447721","NULL"
"283","11442465000119",1,"E. MEIRELLES CONTABILIDADE LTDA",NA,"2240",20091217,6920601,"ESTRADA DE JACAREPAGUA 7655 SALA  507 PARTE JACAREPAGUA 22753033","21-24472055","21-24470088","21-24472055","emeirelles@emeirelles.com.br","10000.00","5","RJ","6001",-22.9419448426337,-43.3414748813549,"{}","11442465","NULL"
